sampleid	Barcodes-seq	sample 	cage_id	collection_device	collection_method	collection_timestamp	description	dna_extracted	dose_treatment1	dose_treatment2	dose_treatment3	elevation	elevation_units	empo_1	empo_2	empo_3	env_biome	env_feature	env_material	env_package	genotype	geo_loc_name	host_age	host_age_units	host_body_habitat	host_body_product	host_body_site	host_common_name	host_height	host_height_units	host_scientific_name	host_subject_id	host_taxid	host_weight	host_weight_units	iacuc_institute	iacuc_protocol_id	latitude	latitude_units	life_stage	longitude	longitude_units	physical_specimen_location	physical_specimen_remaining	sample_type	scientific_name	sex	taxon_id	time_point	title	treatment1	treatment2	treatment3	Treatment	tube_id
P001	TAAGGCGA-TCGACTAG	MaleHAAcohort1.1	208757	300 uL Zymo DNA/RNA Shield	colon fecal pellets at termination	2/2/21	mouse colon fecal pellet	TRUE	NA	NA	NA	not provided	meters	Host-associated	Animal	animal distal gut	urban biome	animal-associated habitat	feces	host-associated	C57BL/6J	USA:CA:Irvine	18	weeks	UBERON:gastrointestinal tract	UBERON:feces	UBERON:colon	mouse	not collected	cm	Mus musculus	MaleHAAcohort1.1	10090	NA	g	"University of California, Irvine"	AUP 19-015	not collected	Decimal degrees	adult	not collected	Decimal degrees	Med Sci C362 freezer	TRUE	feces	mouse gut metagenome	male	410661	NA	High amino acids diet Cohort 1	Control	NA	NA	Control	1
P011	TAAGGCGA-TTCTAGCT	MaleHAAcohort1.2	187026	300 uL Zymo DNA/RNA Shield	colon fecal pellets at termination	2/2/21	mouse colon fecal pellet	TRUE	NA	NA	NA	not provided	meters	Host-associated	Animal	animal distal gut	urban biome	animal-associated habitat	feces	host-associated	C57BL/6J	USA:CA:Irvine	18	weeks	UBERON:gastrointestinal tract	UBERON:feces	UBERON:colon	mouse	not collected	cm	Mus musculus	MaleHAAcohort1.2	10090	NA	g	"University of California, Irvine"	AUP 19-015	not collected	Decimal degrees	adult	not collected	Decimal degrees	Med Sci C362 freezer	TRUE	feces	mouse gut metagenome	male	410661	NA	High amino acids diet Cohort 1	Control	NA	NA	Control	2
P020	TAAGGCGA-CCTAGAGT	MaleHAAcohort1.3	208758	300 uL Zymo DNA/RNA Shield	colon fecal pellets at termination	2/2/21	mouse colon fecal pellet	TRUE	NA	NA	NA	not provided	meters	Host-associated	Animal	animal distal gut	urban biome	animal-associated habitat	feces	host-associated	C57BL/6J	USA:CA:Irvine	18	weeks	UBERON:gastrointestinal tract	UBERON:feces	UBERON:colon	mouse	not collected	cm	Mus musculus	MaleHAAcohort1.3	10090	NA	g	"University of California, Irvine"	AUP 19-015	not collected	Decimal degrees	adult	not collected	Decimal degrees	Med Sci C362 freezer	TRUE	feces	mouse gut metagenome	male	410661	NA	High amino acids diet Cohort 1	Control	NA	NA	Control	3
P029	TAAGGCGA-GCGTAAGA	MaleHAAcohort1.4	208756	300 uL Zymo DNA/RNA Shield	colon fecal pellets at termination	2/2/21	mouse colon fecal pellet	TRUE	NA	NA	NA	not provided	meters	Host-associated	Animal	animal distal gut	urban biome	animal-associated habitat	feces	host-associated	C57BL/6J	USA:CA:Irvine	18	weeks	UBERON:gastrointestinal tract	UBERON:feces	UBERON:colon	mouse	not collected	cm	Mus musculus	MaleHAAcohort1.4	10090	NA	g	"University of California, Irvine"	AUP 19-015	not collected	Decimal degrees	adult	not collected	Decimal degrees	Med Sci C362 freezer	TRUE	feces	mouse gut metagenome	male	410661	NA	High amino acids diet Cohort 1	Control	NA	NA	Control	4
P038	TAAGGCGA-CTATTAAG	MaleHAAcohort1.5	280256	300 uL Zymo DNA/RNA Shield	colon fecal pellets at termination	2/2/21	mouse colon fecal pellet	TRUE	NA	NA	NA	not provided	meters	Host-associated	Animal	animal distal gut	urban biome	animal-associated habitat	feces	host-associated	C57BL/6J	USA:CA:Irvine	18	weeks	UBERON:gastrointestinal tract	UBERON:feces	UBERON:colon	mouse	not collected	cm	Mus musculus	MaleHAAcohort1.5	10090	NA	g	"University of California, Irvine"	AUP 19-015	not collected	Decimal degrees	adult	not collected	Decimal degrees	Med Sci C362 freezer	TRUE	feces	mouse gut metagenome	male	410661	NA	High amino acids diet Cohort 1	Control	HAA	NA	Control_HAA	5
P047	TAAGGCGA-AAGGCTAT	MaleHAAcohort1.6	280256	300 uL Zymo DNA/RNA Shield	colon fecal pellets at termination	2/2/21	mouse colon fecal pellet	TRUE	NA	NA	NA	not provided	meters	Host-associated	Animal	animal distal gut	urban biome	animal-associated habitat	feces	host-associated	C57BL/6J	USA:CA:Irvine	18	weeks	UBERON:gastrointestinal tract	UBERON:feces	UBERON:colon	mouse	not collected	cm	Mus musculus	MaleHAAcohort1.6	10090	NA	g	"University of California, Irvine"	AUP 19-015	not collected	Decimal degrees	adult	not collected	Decimal degrees	Med Sci C362 freezer	TRUE	feces	mouse gut metagenome	male	410661	NA	High amino acids diet Cohort 1	Control	HAA	NA	Control_HAA	6
P056	TAAGGCGA-GAGCCTTA	MaleHAAcohort1.7	280256	300 uL Zymo DNA/RNA Shield	colon fecal pellets at termination	2/2/21	mouse colon fecal pellet	TRUE	NA	NA	NA	not provided	meters	Host-associated	Animal	animal distal gut	urban biome	animal-associated habitat	feces	host-associated	C57BL/6J	USA:CA:Irvine	18	weeks	UBERON:gastrointestinal tract	UBERON:feces	UBERON:colon	mouse	not collected	cm	Mus musculus	MaleHAAcohort1.7	10090	NA	g	"University of California, Irvine"	AUP 19-015	not collected	Decimal degrees	adult	not collected	Decimal degrees	Med Sci C362 freezer	TRUE	feces	mouse gut metagenome	male	410661	NA	High amino acids diet Cohort 1	Control	HAA	NA	Control_HAA	7
P065	TAAGGCGA-TTATGCGA	MaleHAAcohort1.8	280256	300 uL Zymo DNA/RNA Shield	colon fecal pellets at termination	2/2/21	mouse colon fecal pellet	TRUE	NA	NA	NA	not provided	meters	Host-associated	Animal	animal distal gut	urban biome	animal-associated habitat	feces	host-associated	C57BL/6J	USA:CA:Irvine	18	weeks	UBERON:gastrointestinal tract	UBERON:feces	UBERON:colon	mouse	not collected	cm	Mus musculus	MaleHAAcohort1.8	10090	NA	g	"University of California, Irvine"	AUP 19-015	not collected	Decimal degrees	adult	not collected	Decimal degrees	Med Sci C362 freezer	TRUE	feces	mouse gut metagenome	male	410661	NA	High amino acids diet Cohort 1	Control	HAA	NA	Control_HAA	8
P002	CGTACTAG-TCGACTAG	MaleHAAcohort1.9	280255	300 uL Zymo DNA/RNA Shield	colon fecal pellets at termination	2/2/21	mouse colon fecal pellet	TRUE	NA	NA	NA	not provided	meters	Host-associated	Animal	animal distal gut	urban biome	animal-associated habitat	feces	host-associated	C57BL/6J	USA:CA:Irvine	18	weeks	UBERON:gastrointestinal tract	UBERON:feces	UBERON:colon	mouse	not collected	cm	Mus musculus	MaleHAAcohort1.9	10090	NA	g	"University of California, Irvine"	AUP 19-015	not collected	Decimal degrees	adult	not collected	Decimal degrees	Med Sci C362 freezer	TRUE	feces	mouse gut metagenome	male	410661	NA	High amino acids diet Cohort 1	Control	HAA	Abx	Control_HAA_Abx	9
P012	CGTACTAG-TTCTAGCT	MaleHAAcohort1.10	280255	300 uL Zymo DNA/RNA Shield	colon fecal pellets at termination	2/2/21	mouse colon fecal pellet	TRUE	NA	NA	NA	not provided	meters	Host-associated	Animal	animal distal gut	urban biome	animal-associated habitat	feces	host-associated	C57BL/6J	USA:CA:Irvine	18	weeks	UBERON:gastrointestinal tract	UBERON:feces	UBERON:colon	mouse	not collected	cm	Mus musculus	MaleHAAcohort1.10	10090	NA	g	"University of California, Irvine"	AUP 19-015	not collected	Decimal degrees	adult	not collected	Decimal degrees	Med Sci C362 freezer	TRUE	feces	mouse gut metagenome	male	410661	NA	High amino acids diet Cohort 1	Control	HAA	Abx	Control_HAA_Abx	10
P021	CGTACTAG-CCTAGAGT	MaleHAAcohort1.11	280255	300 uL Zymo DNA/RNA Shield	colon fecal pellets at termination	2/2/21	mouse colon fecal pellet	TRUE	NA	NA	NA	not provided	meters	Host-associated	Animal	animal distal gut	urban biome	animal-associated habitat	feces	host-associated	C57BL/6J	USA:CA:Irvine	18	weeks	UBERON:gastrointestinal tract	UBERON:feces	UBERON:colon	mouse	not collected	cm	Mus musculus	MaleHAAcohort1.11	10090	NA	g	"University of California, Irvine"	AUP 19-015	not collected	Decimal degrees	adult	not collected	Decimal degrees	Med Sci C362 freezer	TRUE	feces	mouse gut metagenome	male	410661	NA	High amino acids diet Cohort 1	Control	HAA	Abx	Control_HAA_Abx	11
P030	CGTACTAG-GCGTAAGA	MaleHAAcohort1.12	280255	300 uL Zymo DNA/RNA Shield	colon fecal pellets at termination	2/2/21	mouse colon fecal pellet	TRUE	NA	NA	NA	not provided	meters	Host-associated	Animal	animal distal gut	urban biome	animal-associated habitat	feces	host-associated	C57BL/6J	USA:CA:Irvine	18	weeks	UBERON:gastrointestinal tract	UBERON:feces	UBERON:colon	mouse	not collected	cm	Mus musculus	MaleHAAcohort1.12	10090	NA	g	"University of California, Irvine"	AUP 19-015	not collected	Decimal degrees	adult	not collected	Decimal degrees	Med Sci C362 freezer	TRUE	feces	mouse gut metagenome	male	410661	NA	High amino acids diet Cohort 1	Control	HAA	Abx	Control_HAA_Abx	12
P039	CGTACTAG-CTATTAAG	MaleHAAcohort1.13	280252	300 uL Zymo DNA/RNA Shield	colon fecal pellets at termination	2/2/21	mouse colon fecal pellet	TRUE	NA	NA	NA	not provided	meters	Host-associated	Animal	animal distal gut	urban biome	animal-associated habitat	feces	host-associated	C57BL/6J	USA:CA:Irvine	18	weeks	UBERON:gastrointestinal tract	UBERON:feces	UBERON:colon	mouse	not collected	cm	Mus musculus	MaleHAAcohort1.13	10090	NA	g	"University of California, Irvine"	AUP 19-015	not collected	Decimal degrees	adult	not collected	Decimal degrees	Med Sci C362 freezer	TRUE	feces	mouse gut metagenome	male	410661	NA	High amino acids diet Cohort 1	CKD_adenine	NA	NA	CKD_adenine	13
P048	CGTACTAG-AAGGCTAT	MaleHAAcohort1.14	280252	300 uL Zymo DNA/RNA Shield	colon fecal pellets at termination	2/2/21	mouse colon fecal pellet	TRUE	NA	NA	NA	not provided	meters	Host-associated	Animal	animal distal gut	urban biome	animal-associated habitat	feces	host-associated	C57BL/6J	USA:CA:Irvine	18	weeks	UBERON:gastrointestinal tract	UBERON:feces	UBERON:colon	mouse	not collected	cm	Mus musculus	MaleHAAcohort1.14	10090	NA	g	"University of California, Irvine"	AUP 19-015	not collected	Decimal degrees	adult	not collected	Decimal degrees	Med Sci C362 freezer	TRUE	feces	mouse gut metagenome	male	410661	NA	High amino acids diet Cohort 1	CKD_adenine	NA	NA	CKD_adenine	14
P057	CGTACTAG-GAGCCTTA	MaleHAAcohort1.15	280252	300 uL Zymo DNA/RNA Shield	colon fecal pellets at termination	2/2/21	mouse colon fecal pellet	TRUE	NA	NA	NA	not provided	meters	Host-associated	Animal	animal distal gut	urban biome	animal-associated habitat	feces	host-associated	C57BL/6J	USA:CA:Irvine	18	weeks	UBERON:gastrointestinal tract	UBERON:feces	UBERON:colon	mouse	not collected	cm	Mus musculus	MaleHAAcohort1.15	10090	NA	g	"University of California, Irvine"	AUP 19-015	not collected	Decimal degrees	adult	not collected	Decimal degrees	Med Sci C362 freezer	TRUE	feces	mouse gut metagenome	male	410661	NA	High amino acids diet Cohort 1	CKD_adenine	NA	NA	CKD_adenine	15
P066	CGTACTAG-TTATGCGA	MaleHAAcohort1.16	280252	300 uL Zymo DNA/RNA Shield	colon fecal pellets at termination	2/2/21	mouse colon fecal pellet	TRUE	NA	NA	NA	not provided	meters	Host-associated	Animal	animal distal gut	urban biome	animal-associated habitat	feces	host-associated	C57BL/6J	USA:CA:Irvine	18	weeks	UBERON:gastrointestinal tract	UBERON:feces	UBERON:colon	mouse	not collected	cm	Mus musculus	MaleHAAcohort1.16	10090	NA	g	"University of California, Irvine"	AUP 19-015	not collected	Decimal degrees	adult	not collected	Decimal degrees	Med Sci C362 freezer	TRUE	feces	mouse gut metagenome	male	410661	NA	High amino acids diet Cohort 1	CKD_adenine	NA	NA	CKD_adenine	16
P003	AGGCAGAA-TCGACTAG	MaleHAAcohort1.17	280252	300 uL Zymo DNA/RNA Shield	colon fecal pellets at termination	2/2/21	mouse colon fecal pellet	TRUE	NA	NA	NA	not provided	meters	Host-associated	Animal	animal distal gut	urban biome	animal-associated habitat	feces	host-associated	C57BL/6J	USA:CA:Irvine	18	weeks	UBERON:gastrointestinal tract	UBERON:feces	UBERON:colon	mouse	not collected	cm	Mus musculus	MaleHAAcohort1.17	10090	NA	g	"University of California, Irvine"	AUP 19-015	not collected	Decimal degrees	adult	not collected	Decimal degrees	Med Sci C362 freezer	TRUE	feces	mouse gut metagenome	male	410661	NA	High amino acids diet Cohort 1	CKD_adenine	NA	NA	CKD_adenine	17
P013	AGGCAGAA-TTCTAGCT	MaleHAAcohort1.18	280249	300 uL Zymo DNA/RNA Shield	colon fecal pellets at termination	2/2/21	mouse colon fecal pellet	TRUE	NA	NA	NA	not provided	meters	Host-associated	Animal	animal distal gut	urban biome	animal-associated habitat	feces	host-associated	C57BL/6J	USA:CA:Irvine	18	weeks	UBERON:gastrointestinal tract	UBERON:feces	UBERON:colon	mouse	not collected	cm	Mus musculus	MaleHAAcohort1.18	10090	NA	g	"University of California, Irvine"	AUP 19-015	not collected	Decimal degrees	adult	not collected	Decimal degrees	Med Sci C362 freezer	TRUE	feces	mouse gut metagenome	male	410661	NA	High amino acids diet Cohort 1	CKD_adenine	NA	NA	CKD_adenine	18
P022	AGGCAGAA-CCTAGAGT	MaleHAAcohort1.19	280249	300 uL Zymo DNA/RNA Shield	colon fecal pellets at termination	2/2/21	mouse colon fecal pellet	TRUE	NA	NA	NA	not provided	meters	Host-associated	Animal	animal distal gut	urban biome	animal-associated habitat	feces	host-associated	C57BL/6J	USA:CA:Irvine	18	weeks	UBERON:gastrointestinal tract	UBERON:feces	UBERON:colon	mouse	not collected	cm	Mus musculus	MaleHAAcohort1.19	10090	NA	g	"University of California, Irvine"	AUP 19-015	not collected	Decimal degrees	adult	not collected	Decimal degrees	Med Sci C362 freezer	TRUE	feces	mouse gut metagenome	male	410661	NA	High amino acids diet Cohort 1	CKD_adenine	NA	NA	CKD_adenine	19
P031	AGGCAGAA-GCGTAAGA	MaleHAAcohort1.20	280249	300 uL Zymo DNA/RNA Shield	colon fecal pellets at termination	2/2/21	mouse colon fecal pellet	TRUE	NA	NA	NA	not provided	meters	Host-associated	Animal	animal distal gut	urban biome	animal-associated habitat	feces	host-associated	C57BL/6J	USA:CA:Irvine	18	weeks	UBERON:gastrointestinal tract	UBERON:feces	UBERON:colon	mouse	not collected	cm	Mus musculus	MaleHAAcohort1.20	10090	NA	g	"University of California, Irvine"	AUP 19-015	not collected	Decimal degrees	adult	not collected	Decimal degrees	Med Sci C362 freezer	TRUE	feces	mouse gut metagenome	male	410661	NA	High amino acids diet Cohort 1	CKD_adenine	NA	NA	CKD_adenine	20
P040	AGGCAGAA-CTATTAAG	MaleHAAcohort1.21	280251	300 uL Zymo DNA/RNA Shield	colon fecal pellets at termination	2/2/21	mouse colon fecal pellet	TRUE	NA	NA	NA	not provided	meters	Host-associated	Animal	animal distal gut	urban biome	animal-associated habitat	feces	host-associated	C57BL/6J	USA:CA:Irvine	18	weeks	UBERON:gastrointestinal tract	UBERON:feces	UBERON:colon	mouse	not collected	cm	Mus musculus	MaleHAAcohort1.21	10090	NA	g	"University of California, Irvine"	AUP 19-015	not collected	Decimal degrees	adult	not collected	Decimal degrees	Med Sci C362 freezer	TRUE	feces	mouse gut metagenome	male	410661	NA	High amino acids diet Cohort 1	CKD_adenine	HAA	NA	CKD_adenine_HAA	21
P049	AGGCAGAA-AAGGCTAT	MaleHAAcohort1.22	280251	300 uL Zymo DNA/RNA Shield	colon fecal pellets at termination	2/2/21	mouse colon fecal pellet	TRUE	NA	NA	NA	not provided	meters	Host-associated	Animal	animal distal gut	urban biome	animal-associated habitat	feces	host-associated	C57BL/6J	USA:CA:Irvine	18	weeks	UBERON:gastrointestinal tract	UBERON:feces	UBERON:colon	mouse	not collected	cm	Mus musculus	MaleHAAcohort1.22	10090	NA	g	"University of California, Irvine"	AUP 19-015	not collected	Decimal degrees	adult	not collected	Decimal degrees	Med Sci C362 freezer	TRUE	feces	mouse gut metagenome	male	410661	NA	High amino acids diet Cohort 1	CKD_adenine	HAA	NA	CKD_adenine_HAA	22
P058	AGGCAGAA-GAGCCTTA	MaleHAAcohort1.23	280251	300 uL Zymo DNA/RNA Shield	colon fecal pellets at termination	2/2/21	mouse colon fecal pellet	TRUE	NA	NA	NA	not provided	meters	Host-associated	Animal	animal distal gut	urban biome	animal-associated habitat	feces	host-associated	C57BL/6J	USA:CA:Irvine	18	weeks	UBERON:gastrointestinal tract	UBERON:feces	UBERON:colon	mouse	not collected	cm	Mus musculus	MaleHAAcohort1.23	10090	NA	g	"University of California, Irvine"	AUP 19-015	not collected	Decimal degrees	adult	not collected	Decimal degrees	Med Sci C362 freezer	TRUE	feces	mouse gut metagenome	male	410661	NA	High amino acids diet Cohort 1	CKD_adenine	HAA	NA	CKD_adenine_HAA	23
P067	AGGCAGAA-TTATGCGA	MaleHAAcohort1.24	280251	300 uL Zymo DNA/RNA Shield	colon fecal pellets at termination	2/2/21	mouse colon fecal pellet	TRUE	NA	NA	NA	not provided	meters	Host-associated	Animal	animal distal gut	urban biome	animal-associated habitat	feces	host-associated	C57BL/6J	USA:CA:Irvine	18	weeks	UBERON:gastrointestinal tract	UBERON:feces	UBERON:colon	mouse	not collected	cm	Mus musculus	MaleHAAcohort1.24	10090	NA	g	"University of California, Irvine"	AUP 19-015	not collected	Decimal degrees	adult	not collected	Decimal degrees	Med Sci C362 freezer	TRUE	feces	mouse gut metagenome	male	410661	NA	High amino acids diet Cohort 1	CKD_adenine	HAA	NA	CKD_adenine_HAA	24
P004	TCCTGAGC-TCGACTAG	MaleHAAcohort1.25	280251	300 uL Zymo DNA/RNA Shield	colon fecal pellets at termination	2/2/21	mouse colon fecal pellet	TRUE	NA	NA	NA	not provided	meters	Host-associated	Animal	animal distal gut	urban biome	animal-associated habitat	feces	host-associated	C57BL/6J	USA:CA:Irvine	18	weeks	UBERON:gastrointestinal tract	UBERON:feces	UBERON:colon	mouse	not collected	cm	Mus musculus	MaleHAAcohort1.25	10090	NA	g	"University of California, Irvine"	AUP 19-015	not collected	Decimal degrees	adult	not collected	Decimal degrees	Med Sci C362 freezer	TRUE	feces	mouse gut metagenome	male	410661	NA	High amino acids diet Cohort 1	CKD_adenine	HAA	NA	CKD_adenine_HAA	25
P014	TCCTGAGC-TTCTAGCT	MaleHAAcohort1.26	280250	300 uL Zymo DNA/RNA Shield	colon fecal pellets at termination	2/2/21	mouse colon fecal pellet	TRUE	NA	NA	NA	not provided	meters	Host-associated	Animal	animal distal gut	urban biome	animal-associated habitat	feces	host-associated	C57BL/6J	USA:CA:Irvine	18	weeks	UBERON:gastrointestinal tract	UBERON:feces	UBERON:colon	mouse	not collected	cm	Mus musculus	MaleHAAcohort1.26	10090	NA	g	"University of California, Irvine"	AUP 19-015	not collected	Decimal degrees	adult	not collected	Decimal degrees	Med Sci C362 freezer	TRUE	feces	mouse gut metagenome	male	410661	NA	High amino acids diet Cohort 1	CKD_adenine	HAA	NA	CKD_adenine_HAA	26
P023	TCCTGAGC-CCTAGAGT	MaleHAAcohort1.27	280250	300 uL Zymo DNA/RNA Shield	colon fecal pellets at termination	2/2/21	mouse colon fecal pellet	TRUE	NA	NA	NA	not provided	meters	Host-associated	Animal	animal distal gut	urban biome	animal-associated habitat	feces	host-associated	C57BL/6J	USA:CA:Irvine	18	weeks	UBERON:gastrointestinal tract	UBERON:feces	UBERON:colon	mouse	not collected	cm	Mus musculus	MaleHAAcohort1.27	10090	NA	g	"University of California, Irvine"	AUP 19-015	not collected	Decimal degrees	adult	not collected	Decimal degrees	Med Sci C362 freezer	TRUE	feces	mouse gut metagenome	male	410661	NA	High amino acids diet Cohort 1	CKD_adenine	HAA	NA	CKD_adenine_HAA	27
P032	TCCTGAGC-GCGTAAGA	MaleHAAcohort1.28	280250	300 uL Zymo DNA/RNA Shield	colon fecal pellets at termination	2/2/21	mouse colon fecal pellet	TRUE	NA	NA	NA	not provided	meters	Host-associated	Animal	animal distal gut	urban biome	animal-associated habitat	feces	host-associated	C57BL/6J	USA:CA:Irvine	18	weeks	UBERON:gastrointestinal tract	UBERON:feces	UBERON:colon	mouse	not collected	cm	Mus musculus	MaleHAAcohort1.28	10090	NA	g	"University of California, Irvine"	AUP 19-015	not collected	Decimal degrees	adult	not collected	Decimal degrees	Med Sci C362 freezer	TRUE	feces	mouse gut metagenome	male	410661	NA	High amino acids diet Cohort 1	CKD_adenine	HAA	NA	CKD_adenine_HAA	28
P041	TCCTGAGC-CTATTAAG	MaleHAAcohort1.29	280253	300 uL Zymo DNA/RNA Shield	colon fecal pellets at termination	2/2/21	mouse colon fecal pellet	TRUE	NA	NA	NA	not provided	meters	Host-associated	Animal	animal distal gut	urban biome	animal-associated habitat	feces	host-associated	C57BL/6J	USA:CA:Irvine	18	weeks	UBERON:gastrointestinal tract	UBERON:feces	UBERON:colon	mouse	not collected	cm	Mus musculus	MaleHAAcohort1.29	10090	NA	g	"University of California, Irvine"	AUP 19-015	not collected	Decimal degrees	adult	not collected	Decimal degrees	Med Sci C362 freezer	TRUE	feces	mouse gut metagenome	male	410661	NA	High amino acids diet Cohort 1	CKD_adenine	HAA	Abx	CKD_adenine_HAA_Abx	29
P050	TCCTGAGC-AAGGCTAT	MaleHAAcohort1.30	280253	300 uL Zymo DNA/RNA Shield	colon fecal pellets at termination	2/2/21	mouse colon fecal pellet	TRUE	NA	NA	NA	not provided	meters	Host-associated	Animal	animal distal gut	urban biome	animal-associated habitat	feces	host-associated	C57BL/6J	USA:CA:Irvine	18	weeks	UBERON:gastrointestinal tract	UBERON:feces	UBERON:colon	mouse	not collected	cm	Mus musculus	MaleHAAcohort1.30	10090	NA	g	"University of California, Irvine"	AUP 19-015	not collected	Decimal degrees	adult	not collected	Decimal degrees	Med Sci C362 freezer	TRUE	feces	mouse gut metagenome	male	410661	NA	High amino acids diet Cohort 1	CKD_adenine	HAA	Abx	CKD_adenine_HAA_Abx	30
P059	TCCTGAGC-GAGCCTTA	MaleHAAcohort1.31	280253	300 uL Zymo DNA/RNA Shield	colon fecal pellets at termination	2/2/21	mouse colon fecal pellet	TRUE	NA	NA	NA	not provided	meters	Host-associated	Animal	animal distal gut	urban biome	animal-associated habitat	feces	host-associated	C57BL/6J	USA:CA:Irvine	18	weeks	UBERON:gastrointestinal tract	UBERON:feces	UBERON:colon	mouse	not collected	cm	Mus musculus	MaleHAAcohort1.31	10090	NA	g	"University of California, Irvine"	AUP 19-015	not collected	Decimal degrees	adult	not collected	Decimal degrees	Med Sci C362 freezer	TRUE	feces	mouse gut metagenome	male	410661	NA	High amino acids diet Cohort 1	CKD_adenine	HAA	Abx	CKD_adenine_HAA_Abx	31
P068	TCCTGAGC-TTATGCGA	MaleHAAcohort1.32	280253	300 uL Zymo DNA/RNA Shield	colon fecal pellets at termination	2/2/21	mouse colon fecal pellet	TRUE	NA	NA	NA	not provided	meters	Host-associated	Animal	animal distal gut	urban biome	animal-associated habitat	feces	host-associated	C57BL/6J	USA:CA:Irvine	18	weeks	UBERON:gastrointestinal tract	UBERON:feces	UBERON:colon	mouse	not collected	cm	Mus musculus	MaleHAAcohort1.32	10090	NA	g	"University of California, Irvine"	AUP 19-015	not collected	Decimal degrees	adult	not collected	Decimal degrees	Med Sci C362 freezer	TRUE	feces	mouse gut metagenome	male	410661	NA	High amino acids diet Cohort 1	CKD_adenine	HAA	Abx	CKD_adenine_HAA_Abx	32
P005	GGACTCCT-TCGACTAG	MaleHAAcohort1.33	280253	300 uL Zymo DNA/RNA Shield	colon fecal pellets at termination	2/2/21	mouse colon fecal pellet	TRUE	NA	NA	NA	not provided	meters	Host-associated	Animal	animal distal gut	urban biome	animal-associated habitat	feces	host-associated	C57BL/6J	USA:CA:Irvine	18	weeks	UBERON:gastrointestinal tract	UBERON:feces	UBERON:colon	mouse	not collected	cm	Mus musculus	MaleHAAcohort1.33	10090	NA	g	"University of California, Irvine"	AUP 19-015	not collected	Decimal degrees	adult	not collected	Decimal degrees	Med Sci C362 freezer	TRUE	feces	mouse gut metagenome	male	410661	NA	High amino acids diet Cohort 1	CKD_adenine	HAA	Abx	CKD_adenine_HAA_Abx	33
P015	GGACTCCT-TTCTAGCT	MaleHAAcohort1.34	280254	300 uL Zymo DNA/RNA Shield	colon fecal pellets at termination	2/2/21	mouse colon fecal pellet	TRUE	NA	NA	NA	not provided	meters	Host-associated	Animal	animal distal gut	urban biome	animal-associated habitat	feces	host-associated	C57BL/6J	USA:CA:Irvine	18	weeks	UBERON:gastrointestinal tract	UBERON:feces	UBERON:colon	mouse	not collected	cm	Mus musculus	MaleHAAcohort1.34	10090	NA	g	"University of California, Irvine"	AUP 19-015	not collected	Decimal degrees	adult	not collected	Decimal degrees	Med Sci C362 freezer	TRUE	feces	mouse gut metagenome	male	410661	NA	High amino acids diet Cohort 1	CKD_adenine	HAA	Abx	CKD_adenine_HAA_Abx	34
P024	GGACTCCT-CCTAGAGT	MaleHAAcohort1.35	280254	300 uL Zymo DNA/RNA Shield	colon fecal pellets at termination	2/2/21	mouse colon fecal pellet	TRUE	NA	NA	NA	not provided	meters	Host-associated	Animal	animal distal gut	urban biome	animal-associated habitat	feces	host-associated	C57BL/6J	USA:CA:Irvine	18	weeks	UBERON:gastrointestinal tract	UBERON:feces	UBERON:colon	mouse	not collected	cm	Mus musculus	MaleHAAcohort1.35	10090	NA	g	"University of California, Irvine"	AUP 19-015	not collected	Decimal degrees	adult	not collected	Decimal degrees	Med Sci C362 freezer	TRUE	feces	mouse gut metagenome	male	410661	NA	High amino acids diet Cohort 1	CKD_adenine	HAA	Abx	CKD_adenine_HAA_Abx	35
P033	GGACTCCT-GCGTAAGA	MaleHAAcohort1.36	280254	300 uL Zymo DNA/RNA Shield	colon fecal pellets at termination	2/2/21	mouse colon fecal pellet	TRUE	NA	NA	NA	not provided	meters	Host-associated	Animal	animal distal gut	urban biome	animal-associated habitat	feces	host-associated	C57BL/6J	USA:CA:Irvine	18	weeks	UBERON:gastrointestinal tract	UBERON:feces	UBERON:colon	mouse	not collected	cm	Mus musculus	MaleHAAcohort1.36	10090	NA	g	"University of California, Irvine"	AUP 19-015	not collected	Decimal degrees	adult	not collected	Decimal degrees	Med Sci C362 freezer	TRUE	feces	mouse gut metagenome	male	410661	NA	High amino acids diet Cohort 1	CKD_adenine	HAA	Abx	CKD_adenine_HAA_Abx	36
P042	GGACTCCT-CTATTAAG	MaleHAAcohort2.1	290447	300 uL Zymo DNA/RNA Shield	colon fecal pellets at termination	3/24/21	mouse colon fecal pellet	TRUE	NA	NA	NA	not provided	meters	Host-associated	Animal	animal distal gut	urban biome	animal-associated habitat	feces	host-associated	C57BL/6J	USA:CA:Irvine	18	weeks	UBERON:gastrointestinal tract	UBERON:feces	UBERON:colon	mouse	not collected	cm	Mus musculus	MaleHAAcohort2.1	10090	NA	g	"University of California, Irvine"	AUP 19-015	not collected	Decimal degrees	adult	not collected	Decimal degrees	Med Sci C362 freezer	TRUE	feces	mouse gut metagenome	male	410661	NA	High amino acids diet Cohort 2	Control	NA	NA	Control	37
P051	GGACTCCT-AAGGCTAT	MaleHAAcohort2.2	290447	300 uL Zymo DNA/RNA Shield	colon fecal pellets at termination	3/24/21	mouse colon fecal pellet	TRUE	NA	NA	NA	not provided	meters	Host-associated	Animal	animal distal gut	urban biome	animal-associated habitat	feces	host-associated	C57BL/6J	USA:CA:Irvine	18	weeks	UBERON:gastrointestinal tract	UBERON:feces	UBERON:colon	mouse	not collected	cm	Mus musculus	MaleHAAcohort2.2	10090	NA	g	"University of California, Irvine"	AUP 19-015	not collected	Decimal degrees	adult	not collected	Decimal degrees	Med Sci C362 freezer	TRUE	feces	mouse gut metagenome	male	410661	NA	High amino acids diet Cohort 2	Control	NA	NA	Control	38
P060	GGACTCCT-GAGCCTTA	MaleHAAcohort2.3	290447	300 uL Zymo DNA/RNA Shield	colon fecal pellets at termination	3/24/21	mouse colon fecal pellet	TRUE	NA	NA	NA	not provided	meters	Host-associated	Animal	animal distal gut	urban biome	animal-associated habitat	feces	host-associated	C57BL/6J	USA:CA:Irvine	18	weeks	UBERON:gastrointestinal tract	UBERON:feces	UBERON:colon	mouse	not collected	cm	Mus musculus	MaleHAAcohort2.3	10090	NA	g	"University of California, Irvine"	AUP 19-015	not collected	Decimal degrees	adult	not collected	Decimal degrees	Med Sci C362 freezer	TRUE	feces	mouse gut metagenome	male	410661	NA	High amino acids diet Cohort 2	Control	NA	NA	Control	39
P069	GGACTCCT-TTATGCGA	MaleHAAcohort2.4	290447	300 uL Zymo DNA/RNA Shield	colon fecal pellets at termination	3/24/21	mouse colon fecal pellet	TRUE	NA	NA	NA	not provided	meters	Host-associated	Animal	animal distal gut	urban biome	animal-associated habitat	feces	host-associated	C57BL/6J	USA:CA:Irvine	18	weeks	UBERON:gastrointestinal tract	UBERON:feces	UBERON:colon	mouse	not collected	cm	Mus musculus	MaleHAAcohort2.4	10090	NA	g	"University of California, Irvine"	AUP 19-015	not collected	Decimal degrees	adult	not collected	Decimal degrees	Med Sci C362 freezer	TRUE	feces	mouse gut metagenome	male	410661	NA	High amino acids diet Cohort 2	Control	NA	NA	Control	40
P006	TAGGCATG-TCGACTAG	MaleHAAcohort2.5	290451	300 uL Zymo DNA/RNA Shield	colon fecal pellets at termination	3/24/21	mouse colon fecal pellet	TRUE	NA	NA	NA	not provided	meters	Host-associated	Animal	animal distal gut	urban biome	animal-associated habitat	feces	host-associated	C57BL/6J	USA:CA:Irvine	18	weeks	UBERON:gastrointestinal tract	UBERON:feces	UBERON:colon	mouse	not collected	cm	Mus musculus	MaleHAAcohort2.5	10090	NA	g	"University of California, Irvine"	AUP 19-015	not collected	Decimal degrees	adult	not collected	Decimal degrees	Med Sci C362 freezer	TRUE	feces	mouse gut metagenome	male	410661	NA	High amino acids diet Cohort 2	Control	HAA	NA	Control_HAA	41
P016	TAGGCATG-TTCTAGCT	MaleHAAcohort2.6	290451	300 uL Zymo DNA/RNA Shield	colon fecal pellets at termination	3/24/21	mouse colon fecal pellet	TRUE	NA	NA	NA	not provided	meters	Host-associated	Animal	animal distal gut	urban biome	animal-associated habitat	feces	host-associated	C57BL/6J	USA:CA:Irvine	18	weeks	UBERON:gastrointestinal tract	UBERON:feces	UBERON:colon	mouse	not collected	cm	Mus musculus	MaleHAAcohort2.6	10090	NA	g	"University of California, Irvine"	AUP 19-015	not collected	Decimal degrees	adult	not collected	Decimal degrees	Med Sci C362 freezer	TRUE	feces	mouse gut metagenome	male	410661	NA	High amino acids diet Cohort 2	Control	HAA	NA	Control_HAA	42
P025	TAGGCATG-CCTAGAGT	MaleHAAcohort2.7	290451	300 uL Zymo DNA/RNA Shield	colon fecal pellets at termination	3/24/21	mouse colon fecal pellet	TRUE	NA	NA	NA	not provided	meters	Host-associated	Animal	animal distal gut	urban biome	animal-associated habitat	feces	host-associated	C57BL/6J	USA:CA:Irvine	18	weeks	UBERON:gastrointestinal tract	UBERON:feces	UBERON:colon	mouse	not collected	cm	Mus musculus	MaleHAAcohort2.7	10090	NA	g	"University of California, Irvine"	AUP 19-015	not collected	Decimal degrees	adult	not collected	Decimal degrees	Med Sci C362 freezer	TRUE	feces	mouse gut metagenome	male	410661	NA	High amino acids diet Cohort 2	Control	HAA	NA	Control_HAA	43
P034	TAGGCATG-GCGTAAGA	MaleHAAcohort2.8	290451	300 uL Zymo DNA/RNA Shield	colon fecal pellets at termination	3/24/21	mouse colon fecal pellet	TRUE	NA	NA	NA	not provided	meters	Host-associated	Animal	animal distal gut	urban biome	animal-associated habitat	feces	host-associated	C57BL/6J	USA:CA:Irvine	18	weeks	UBERON:gastrointestinal tract	UBERON:feces	UBERON:colon	mouse	not collected	cm	Mus musculus	MaleHAAcohort2.8	10090	NA	g	"University of California, Irvine"	AUP 19-015	not collected	Decimal degrees	adult	not collected	Decimal degrees	Med Sci C362 freezer	TRUE	feces	mouse gut metagenome	male	410661	NA	High amino acids diet Cohort 2	Control	HAA	NA	Control_HAA	44
P043	TAGGCATG-CTATTAAG	MaleHAAcohort2.9	290448	300 uL Zymo DNA/RNA Shield	colon fecal pellets at termination	3/24/21	mouse colon fecal pellet	TRUE	NA	NA	NA	not provided	meters	Host-associated	Animal	animal distal gut	urban biome	animal-associated habitat	feces	host-associated	C57BL/6J	USA:CA:Irvine	18	weeks	UBERON:gastrointestinal tract	UBERON:feces	UBERON:colon	mouse	not collected	cm	Mus musculus	MaleHAAcohort2.9	10090	NA	g	"University of California, Irvine"	AUP 19-015	not collected	Decimal degrees	adult	not collected	Decimal degrees	Med Sci C362 freezer	TRUE	feces	mouse gut metagenome	male	410661	NA	High amino acids diet Cohort 2	Control	HAA	Abx	Control_HAA_Abx	45
P052	TAGGCATG-AAGGCTAT	MaleHAAcohort2.10	290448	300 uL Zymo DNA/RNA Shield	colon fecal pellets at termination	3/24/21	mouse colon fecal pellet	TRUE	NA	NA	NA	not provided	meters	Host-associated	Animal	animal distal gut	urban biome	animal-associated habitat	feces	host-associated	C57BL/6J	USA:CA:Irvine	18	weeks	UBERON:gastrointestinal tract	UBERON:feces	UBERON:colon	mouse	not collected	cm	Mus musculus	MaleHAAcohort2.10	10090	NA	g	"University of California, Irvine"	AUP 19-015	not collected	Decimal degrees	adult	not collected	Decimal degrees	Med Sci C362 freezer	TRUE	feces	mouse gut metagenome	male	410661	NA	High amino acids diet Cohort 2	Control	HAA	Abx	Control_HAA_Abx	46
P061	TAGGCATG-GAGCCTTA	MaleHAAcohort2.11	290448	300 uL Zymo DNA/RNA Shield	colon fecal pellets at termination	3/24/21	mouse colon fecal pellet	TRUE	NA	NA	NA	not provided	meters	Host-associated	Animal	animal distal gut	urban biome	animal-associated habitat	feces	host-associated	C57BL/6J	USA:CA:Irvine	18	weeks	UBERON:gastrointestinal tract	UBERON:feces	UBERON:colon	mouse	not collected	cm	Mus musculus	MaleHAAcohort2.11	10090	NA	g	"University of California, Irvine"	AUP 19-015	not collected	Decimal degrees	adult	not collected	Decimal degrees	Med Sci C362 freezer	TRUE	feces	mouse gut metagenome	male	410661	NA	High amino acids diet Cohort 2	Control	HAA	Abx	Control_HAA_Abx	47
P070	TAGGCATG-TTATGCGA	MaleHAAcohort2.12	290448	300 uL Zymo DNA/RNA Shield	colon fecal pellets at termination	3/24/21	mouse colon fecal pellet	TRUE	NA	NA	NA	not provided	meters	Host-associated	Animal	animal distal gut	urban biome	animal-associated habitat	feces	host-associated	C57BL/6J	USA:CA:Irvine	18	weeks	UBERON:gastrointestinal tract	UBERON:feces	UBERON:colon	mouse	not collected	cm	Mus musculus	MaleHAAcohort2.12	10090	NA	g	"University of California, Irvine"	AUP 19-015	not collected	Decimal degrees	adult	not collected	Decimal degrees	Med Sci C362 freezer	TRUE	feces	mouse gut metagenome	male	410661	NA	High amino acids diet Cohort 2	Control	HAA	Abx	Control_HAA_Abx	48
P007	CTCTCTAC-TCGACTAG	MaleHAAcohort2.13	290449	300 uL Zymo DNA/RNA Shield	colon fecal pellets at termination	3/24/21	mouse colon fecal pellet	TRUE	NA	NA	NA	not provided	meters	Host-associated	Animal	animal distal gut	urban biome	animal-associated habitat	feces	host-associated	C57BL/6J	USA:CA:Irvine	18	weeks	UBERON:gastrointestinal tract	UBERON:feces	UBERON:colon	mouse	not collected	cm	Mus musculus	MaleHAAcohort2.13	10090	NA	g	"University of California, Irvine"	AUP 19-015	not collected	Decimal degrees	adult	not collected	Decimal degrees	Med Sci C362 freezer	TRUE	feces	mouse gut metagenome	male	410661	NA	High amino acids diet Cohort 2	CKD_adenine	NA	NA	CKD_adenine	49
P017	CTCTCTAC-TTCTAGCT	MaleHAAcohort2.14	290449	300 uL Zymo DNA/RNA Shield	colon fecal pellets at termination	3/24/21	mouse colon fecal pellet	TRUE	NA	NA	NA	not provided	meters	Host-associated	Animal	animal distal gut	urban biome	animal-associated habitat	feces	host-associated	C57BL/6J	USA:CA:Irvine	18	weeks	UBERON:gastrointestinal tract	UBERON:feces	UBERON:colon	mouse	not collected	cm	Mus musculus	MaleHAAcohort2.14	10090	NA	g	"University of California, Irvine"	AUP 19-015	not collected	Decimal degrees	adult	not collected	Decimal degrees	Med Sci C362 freezer	TRUE	feces	mouse gut metagenome	male	410661	NA	High amino acids diet Cohort 2	CKD_adenine	NA	NA	CKD_adenine	50
P026	CTCTCTAC-CCTAGAGT	MaleHAAcohort2.15	290449	300 uL Zymo DNA/RNA Shield	colon fecal pellets at termination	3/24/21	mouse colon fecal pellet	TRUE	NA	NA	NA	not provided	meters	Host-associated	Animal	animal distal gut	urban biome	animal-associated habitat	feces	host-associated	C57BL/6J	USA:CA:Irvine	18	weeks	UBERON:gastrointestinal tract	UBERON:feces	UBERON:colon	mouse	not collected	cm	Mus musculus	MaleHAAcohort2.15	10090	NA	g	"University of California, Irvine"	AUP 19-015	not collected	Decimal degrees	adult	not collected	Decimal degrees	Med Sci C362 freezer	TRUE	feces	mouse gut metagenome	male	410661	NA	High amino acids diet Cohort 2	CKD_adenine	NA	NA	CKD_adenine	51
P035	CTCTCTAC-GCGTAAGA	MaleHAAcohort2.16	290449	300 uL Zymo DNA/RNA Shield	colon fecal pellets at termination	3/24/21	mouse colon fecal pellet	TRUE	NA	NA	NA	not provided	meters	Host-associated	Animal	animal distal gut	urban biome	animal-associated habitat	feces	host-associated	C57BL/6J	USA:CA:Irvine	18	weeks	UBERON:gastrointestinal tract	UBERON:feces	UBERON:colon	mouse	not collected	cm	Mus musculus	MaleHAAcohort2.16	10090	NA	g	"University of California, Irvine"	AUP 19-015	not collected	Decimal degrees	adult	not collected	Decimal degrees	Med Sci C362 freezer	TRUE	feces	mouse gut metagenome	male	410661	NA	High amino acids diet Cohort 2	CKD_adenine	NA	NA	CKD_adenine	52
P044	CTCTCTAC-CTATTAAG	MaleHAAcohort2.17	290452	300 uL Zymo DNA/RNA Shield	colon fecal pellets at termination	3/24/21	mouse colon fecal pellet	TRUE	NA	NA	NA	not provided	meters	Host-associated	Animal	animal distal gut	urban biome	animal-associated habitat	feces	host-associated	C57BL/6J	USA:CA:Irvine	18	weeks	UBERON:gastrointestinal tract	UBERON:feces	UBERON:colon	mouse	not collected	cm	Mus musculus	MaleHAAcohort2.17	10090	NA	g	"University of California, Irvine"	AUP 19-015	not collected	Decimal degrees	adult	not collected	Decimal degrees	Med Sci C362 freezer	TRUE	feces	mouse gut metagenome	male	410661	NA	High amino acids diet Cohort 2	CKD_adenine	NA	NA	CKD_adenine	53
P053	CTCTCTAC-AAGGCTAT	MaleHAAcohort2.18	290452	300 uL Zymo DNA/RNA Shield	colon fecal pellets at termination	3/24/21	mouse colon fecal pellet	TRUE	NA	NA	NA	not provided	meters	Host-associated	Animal	animal distal gut	urban biome	animal-associated habitat	feces	host-associated	C57BL/6J	USA:CA:Irvine	18	weeks	UBERON:gastrointestinal tract	UBERON:feces	UBERON:colon	mouse	not collected	cm	Mus musculus	MaleHAAcohort2.18	10090	NA	g	"University of California, Irvine"	AUP 19-015	not collected	Decimal degrees	adult	not collected	Decimal degrees	Med Sci C362 freezer	TRUE	feces	mouse gut metagenome	male	410661	NA	High amino acids diet Cohort 2	CKD_adenine	NA	NA	CKD_adenine	54
P062	CTCTCTAC-GAGCCTTA	MaleHAAcohort2.19	290452	300 uL Zymo DNA/RNA Shield	colon fecal pellets at termination	3/24/21	mouse colon fecal pellet	TRUE	NA	NA	NA	not provided	meters	Host-associated	Animal	animal distal gut	urban biome	animal-associated habitat	feces	host-associated	C57BL/6J	USA:CA:Irvine	18	weeks	UBERON:gastrointestinal tract	UBERON:feces	UBERON:colon	mouse	not collected	cm	Mus musculus	MaleHAAcohort2.19	10090	NA	g	"University of California, Irvine"	AUP 19-015	not collected	Decimal degrees	adult	not collected	Decimal degrees	Med Sci C362 freezer	TRUE	feces	mouse gut metagenome	male	410661	NA	High amino acids diet Cohort 2	CKD_adenine	NA	NA	CKD_adenine	55
P071	CTCTCTAC-TTATGCGA	MaleHAAcohort2.20	290452	300 uL Zymo DNA/RNA Shield	colon fecal pellets at termination	3/24/21	mouse colon fecal pellet	TRUE	NA	NA	NA	not provided	meters	Host-associated	Animal	animal distal gut	urban biome	animal-associated habitat	feces	host-associated	C57BL/6J	USA:CA:Irvine	18	weeks	UBERON:gastrointestinal tract	UBERON:feces	UBERON:colon	mouse	not collected	cm	Mus musculus	MaleHAAcohort2.20	10090	NA	g	"University of California, Irvine"	AUP 19-015	not collected	Decimal degrees	adult	not collected	Decimal degrees	Med Sci C362 freezer	TRUE	feces	mouse gut metagenome	male	410661	NA	High amino acids diet Cohort 2	CKD_adenine	NA	NA	CKD_adenine	56
P008	CGAGGCTG-TCGACTAG	MaleHAAcohort2.21	290453	300 uL Zymo DNA/RNA Shield	colon fecal pellets at termination	3/24/21	mouse colon fecal pellet	TRUE	NA	NA	NA	not provided	meters	Host-associated	Animal	animal distal gut	urban biome	animal-associated habitat	feces	host-associated	C57BL/6J	USA:CA:Irvine	18	weeks	UBERON:gastrointestinal tract	UBERON:feces	UBERON:colon	mouse	not collected	cm	Mus musculus	MaleHAAcohort2.21	10090	NA	g	"University of California, Irvine"	AUP 19-015	not collected	Decimal degrees	adult	not collected	Decimal degrees	Med Sci C362 freezer	TRUE	feces	mouse gut metagenome	male	410661	NA	High amino acids diet Cohort 2	CKD_adenine	HAA	NA	CKD_adenine_HAA	57
P018	CGAGGCTG-TTCTAGCT	MaleHAAcohort2.22	290453	300 uL Zymo DNA/RNA Shield	colon fecal pellets at termination	3/24/21	mouse colon fecal pellet	TRUE	NA	NA	NA	not provided	meters	Host-associated	Animal	animal distal gut	urban biome	animal-associated habitat	feces	host-associated	C57BL/6J	USA:CA:Irvine	18	weeks	UBERON:gastrointestinal tract	UBERON:feces	UBERON:colon	mouse	not collected	cm	Mus musculus	MaleHAAcohort2.22	10090	NA	g	"University of California, Irvine"	AUP 19-015	not collected	Decimal degrees	adult	not collected	Decimal degrees	Med Sci C362 freezer	TRUE	feces	mouse gut metagenome	male	410661	NA	High amino acids diet Cohort 2	CKD_adenine	HAA	NA	CKD_adenine_HAA	58
P027	CGAGGCTG-CCTAGAGT	MaleHAAcohort2.23	290453	300 uL Zymo DNA/RNA Shield	colon fecal pellets at termination	3/24/21	mouse colon fecal pellet	TRUE	NA	NA	NA	not provided	meters	Host-associated	Animal	animal distal gut	urban biome	animal-associated habitat	feces	host-associated	C57BL/6J	USA:CA:Irvine	18	weeks	UBERON:gastrointestinal tract	UBERON:feces	UBERON:colon	mouse	not collected	cm	Mus musculus	MaleHAAcohort2.23	10090	NA	g	"University of California, Irvine"	AUP 19-015	not collected	Decimal degrees	adult	not collected	Decimal degrees	Med Sci C362 freezer	TRUE	feces	mouse gut metagenome	male	410661	NA	High amino acids diet Cohort 2	CKD_adenine	HAA	NA	CKD_adenine_HAA	59
P036	CGAGGCTG-GCGTAAGA	MaleHAAcohort2.24	290453	300 uL Zymo DNA/RNA Shield	colon fecal pellets at termination	3/24/21	mouse colon fecal pellet	TRUE	NA	NA	NA	not provided	meters	Host-associated	Animal	animal distal gut	urban biome	animal-associated habitat	feces	host-associated	C57BL/6J	USA:CA:Irvine	18	weeks	UBERON:gastrointestinal tract	UBERON:feces	UBERON:colon	mouse	not collected	cm	Mus musculus	MaleHAAcohort2.24	10090	NA	g	"University of California, Irvine"	AUP 19-015	not collected	Decimal degrees	adult	not collected	Decimal degrees	Med Sci C362 freezer	TRUE	feces	mouse gut metagenome	male	410661	NA	High amino acids diet Cohort 2	CKD_adenine	HAA	NA	CKD_adenine_HAA	60
P045	CGAGGCTG-CTATTAAG	MaleHAAcohort2.25	290454	300 uL Zymo DNA/RNA Shield	colon fecal pellets at termination	3/24/21	mouse colon fecal pellet	TRUE	NA	NA	NA	not provided	meters	Host-associated	Animal	animal distal gut	urban biome	animal-associated habitat	feces	host-associated	C57BL/6J	USA:CA:Irvine	18	weeks	UBERON:gastrointestinal tract	UBERON:feces	UBERON:colon	mouse	not collected	cm	Mus musculus	MaleHAAcohort2.25	10090	NA	g	"University of California, Irvine"	AUP 19-015	not collected	Decimal degrees	adult	not collected	Decimal degrees	Med Sci C362 freezer	TRUE	feces	mouse gut metagenome	male	410661	NA	High amino acids diet Cohort 2	CKD_adenine	HAA	NA	CKD_adenine_HAA	61
P054	CGAGGCTG-AAGGCTAT	MaleHAAcohort2.26	290454	300 uL Zymo DNA/RNA Shield	colon fecal pellets at termination	3/24/21	mouse colon fecal pellet	TRUE	NA	NA	NA	not provided	meters	Host-associated	Animal	animal distal gut	urban biome	animal-associated habitat	feces	host-associated	C57BL/6J	USA:CA:Irvine	18	weeks	UBERON:gastrointestinal tract	UBERON:feces	UBERON:colon	mouse	not collected	cm	Mus musculus	MaleHAAcohort2.26	10090	NA	g	"University of California, Irvine"	AUP 19-015	not collected	Decimal degrees	adult	not collected	Decimal degrees	Med Sci C362 freezer	TRUE	feces	mouse gut metagenome	male	410661	NA	High amino acids diet Cohort 2	CKD_adenine	HAA	NA	CKD_adenine_HAA	62
P063	CGAGGCTG-GAGCCTTA	MaleHAAcohort2.27	290454	300 uL Zymo DNA/RNA Shield	colon fecal pellets at termination	3/24/21	mouse colon fecal pellet	TRUE	NA	NA	NA	not provided	meters	Host-associated	Animal	animal distal gut	urban biome	animal-associated habitat	feces	host-associated	C57BL/6J	USA:CA:Irvine	18	weeks	UBERON:gastrointestinal tract	UBERON:feces	UBERON:colon	mouse	not collected	cm	Mus musculus	MaleHAAcohort2.27	10090	NA	g	"University of California, Irvine"	AUP 19-015	not collected	Decimal degrees	adult	not collected	Decimal degrees	Med Sci C362 freezer	TRUE	feces	mouse gut metagenome	male	410661	NA	High amino acids diet Cohort 2	CKD_adenine	HAA	NA	CKD_adenine_HAA	63
P072	CGAGGCTG-TTATGCGA	MaleHAAcohort2.28	290454	300 uL Zymo DNA/RNA Shield	colon fecal pellets at termination	3/24/21	mouse colon fecal pellet	TRUE	NA	NA	NA	not provided	meters	Host-associated	Animal	animal distal gut	urban biome	animal-associated habitat	feces	host-associated	C57BL/6J	USA:CA:Irvine	18	weeks	UBERON:gastrointestinal tract	UBERON:feces	UBERON:colon	mouse	not collected	cm	Mus musculus	MaleHAAcohort2.28	10090	NA	g	"University of California, Irvine"	AUP 19-015	not collected	Decimal degrees	adult	not collected	Decimal degrees	Med Sci C362 freezer	TRUE	feces	mouse gut metagenome	male	410661	NA	High amino acids diet Cohort 2	CKD_adenine	HAA	NA	CKD_adenine_HAA	64
P009	AAGAGGCA-TCGACTAG	MaleHAAcohort2.29	290450	300 uL Zymo DNA/RNA Shield	colon fecal pellets at termination	3/24/21	mouse colon fecal pellet	TRUE	NA	NA	NA	not provided	meters	Host-associated	Animal	animal distal gut	urban biome	animal-associated habitat	feces	host-associated	C57BL/6J	USA:CA:Irvine	18	weeks	UBERON:gastrointestinal tract	UBERON:feces	UBERON:colon	mouse	not collected	cm	Mus musculus	MaleHAAcohort2.29	10090	NA	g	"University of California, Irvine"	AUP 19-015	not collected	Decimal degrees	adult	not collected	Decimal degrees	Med Sci C362 freezer	TRUE	feces	mouse gut metagenome	male	410661	NA	High amino acids diet Cohort 2	CKD_adenine	HAA	Abx	CKD_adenine_HAA_Abx	65
P019	AAGAGGCA-TTCTAGCT	MaleHAAcohort2.30	290450	300 uL Zymo DNA/RNA Shield	colon fecal pellets at termination	3/24/21	mouse colon fecal pellet	TRUE	NA	NA	NA	not provided	meters	Host-associated	Animal	animal distal gut	urban biome	animal-associated habitat	feces	host-associated	C57BL/6J	USA:CA:Irvine	18	weeks	UBERON:gastrointestinal tract	UBERON:feces	UBERON:colon	mouse	not collected	cm	Mus musculus	MaleHAAcohort2.30	10090	NA	g	"University of California, Irvine"	AUP 19-015	not collected	Decimal degrees	adult	not collected	Decimal degrees	Med Sci C362 freezer	TRUE	feces	mouse gut metagenome	male	410661	NA	High amino acids diet Cohort 2	CKD_adenine	HAA	Abx	CKD_adenine_HAA_Abx	66
P028	AAGAGGCA-CCTAGAGT	MaleHAAcohort2.31	290450	300 uL Zymo DNA/RNA Shield	colon fecal pellets at termination	3/24/21	mouse colon fecal pellet	TRUE	NA	NA	NA	not provided	meters	Host-associated	Animal	animal distal gut	urban biome	animal-associated habitat	feces	host-associated	C57BL/6J	USA:CA:Irvine	18	weeks	UBERON:gastrointestinal tract	UBERON:feces	UBERON:colon	mouse	not collected	cm	Mus musculus	MaleHAAcohort2.31	10090	NA	g	"University of California, Irvine"	AUP 19-015	not collected	Decimal degrees	adult	not collected	Decimal degrees	Med Sci C362 freezer	TRUE	feces	mouse gut metagenome	male	410661	NA	High amino acids diet Cohort 2	CKD_adenine	HAA	Abx	CKD_adenine_HAA_Abx	67
P037	AAGAGGCA-GCGTAAGA	MaleHAAcohort2.32	290450	300 uL Zymo DNA/RNA Shield	colon fecal pellets at termination	3/24/21	mouse colon fecal pellet	TRUE	NA	NA	NA	not provided	meters	Host-associated	Animal	animal distal gut	urban biome	animal-associated habitat	feces	host-associated	C57BL/6J	USA:CA:Irvine	18	weeks	UBERON:gastrointestinal tract	UBERON:feces	UBERON:colon	mouse	not collected	cm	Mus musculus	MaleHAAcohort2.32	10090	NA	g	"University of California, Irvine"	AUP 19-015	not collected	Decimal degrees	adult	not collected	Decimal degrees	Med Sci C362 freezer	TRUE	feces	mouse gut metagenome	male	410661	NA	High amino acids diet Cohort 2	CKD_adenine	HAA	Abx	CKD_adenine_HAA_Abx	68
P046	AAGAGGCA-CTATTAAG	MaleHAAcohort2.33	290450	300 uL Zymo DNA/RNA Shield	colon fecal pellets at termination	3/24/21	mouse colon fecal pellet	TRUE	NA	NA	NA	not provided	meters	Host-associated	Animal	animal distal gut	urban biome	animal-associated habitat	feces	host-associated	C57BL/6J	USA:CA:Irvine	18	weeks	UBERON:gastrointestinal tract	UBERON:feces	UBERON:colon	mouse	not collected	cm	Mus musculus	MaleHAAcohort2.33	10090	NA	g	"University of California, Irvine"	AUP 19-015	not collected	Decimal degrees	adult	not collected	Decimal degrees	Med Sci C362 freezer	TRUE	feces	mouse gut metagenome	male	410661	NA	High amino acids diet Cohort 2	CKD_adenine	HAA	Abx	CKD_adenine_HAA_Abx	69
P055	AAGAGGCA-AAGGCTAT	MaleHAAcohort2.34	290455	300 uL Zymo DNA/RNA Shield	colon fecal pellets at termination	3/24/21	mouse colon fecal pellet	TRUE	NA	NA	NA	not provided	meters	Host-associated	Animal	animal distal gut	urban biome	animal-associated habitat	feces	host-associated	C57BL/6J	USA:CA:Irvine	18	weeks	UBERON:gastrointestinal tract	UBERON:feces	UBERON:colon	mouse	not collected	cm	Mus musculus	MaleHAAcohort2.34	10090	NA	g	"University of California, Irvine"	AUP 19-015	not collected	Decimal degrees	adult	not collected	Decimal degrees	Med Sci C362 freezer	TRUE	feces	mouse gut metagenome	male	410661	NA	High amino acids diet Cohort 2	CKD_adenine	HAA	Abx	CKD_adenine_HAA_Abx	70
P064	AAGAGGCA-GAGCCTTA	MaleHAAcohort2.35	290455	300 uL Zymo DNA/RNA Shield	colon fecal pellets at termination	3/24/21	mouse colon fecal pellet	TRUE	NA	NA	NA	not provided	meters	Host-associated	Animal	animal distal gut	urban biome	animal-associated habitat	feces	host-associated	C57BL/6J	USA:CA:Irvine	18	weeks	UBERON:gastrointestinal tract	UBERON:feces	UBERON:colon	mouse	not collected	cm	Mus musculus	MaleHAAcohort2.35	10090	NA	g	"University of California, Irvine"	AUP 19-015	not collected	Decimal degrees	adult	not collected	Decimal degrees	Med Sci C362 freezer	TRUE	feces	mouse gut metagenome	male	410661	NA	High amino acids diet Cohort 2	CKD_adenine	HAA	Abx	CKD_adenine_HAA_Abx	71
P073	AAGAGGCA-TTATGCGA	MaleHAAcohort2.36	290455	300 uL Zymo DNA/RNA Shield	colon fecal pellets at termination	3/24/21	mouse colon fecal pellet	TRUE	NA	NA	NA	not provided	meters	Host-associated	Animal	animal distal gut	urban biome	animal-associated habitat	feces	host-associated	C57BL/6J	USA:CA:Irvine	18	weeks	UBERON:gastrointestinal tract	UBERON:feces	UBERON:colon	mouse	not collected	cm	Mus musculus	MaleHAAcohort2.36	10090	NA	g	"University of California, Irvine"	AUP 19-015	not collected	Decimal degrees	adult	not collected	Decimal degrees	Med Sci C362 freezer	TRUE	feces	mouse gut metagenome	male	410661	NA	High amino acids diet Cohort 2	CKD_adenine	HAA	Abx	CKD_adenine_HAA_Abx	72
P074	ACTCGCTA-TCGACTAG	MaleNephrectomy.1	281284	300 uL Zymo DNA/RNA Shield	colon fecal pellets at termination	3/12/21	mouse colon fecal pellet	TRUE	NA	NA	NA	not provided	meters	Host-associated	Animal	animal distal gut	urban biome	animal-associated habitat	feces	host-associated	C57BL/6J	USA:CA:Irvine	18	weeks	UBERON:gastrointestinal tract	UBERON:feces	UBERON:colon	mouse	not collected	cm	Mus musculus	MaleNephrectomy.1	10090	NA	g	"University of California, Irvine"	AUP 19-015	not collected	Decimal degrees	adult	not collected	Decimal degrees	Med Sci C362 freezer	TRUE	feces	mouse gut metagenome	male	410661	NA	Male 5/6 nephrectomy	CKD_5/6_nephrectomy	NA	NA	nephrectomy	73
P081	ACTCGCTA-TTCTAGCT	MaleNephrectomy.2	281284	300 uL Zymo DNA/RNA Shield	colon fecal pellets at termination	3/12/21	mouse colon fecal pellet	TRUE	NA	NA	NA	not provided	meters	Host-associated	Animal	animal distal gut	urban biome	animal-associated habitat	feces	host-associated	C57BL/6J	USA:CA:Irvine	18	weeks	UBERON:gastrointestinal tract	UBERON:feces	UBERON:colon	mouse	not collected	cm	Mus musculus	MaleNephrectomy.2	10090	NA	g	"University of California, Irvine"	AUP 19-015	not collected	Decimal degrees	adult	not collected	Decimal degrees	Med Sci C362 freezer	TRUE	feces	mouse gut metagenome	male	410661	NA	Male 5/6 nephrectomy	CKD_5/6_nephrectomy	NA	NA	nephrectomy	74
P088	ACTCGCTA-CCTAGAGT	MaleNephrectomy.3	281284	300 uL Zymo DNA/RNA Shield	colon fecal pellets at termination	3/12/21	mouse colon fecal pellet	TRUE	NA	NA	NA	not provided	meters	Host-associated	Animal	animal distal gut	urban biome	animal-associated habitat	feces	host-associated	C57BL/6J	USA:CA:Irvine	18	weeks	UBERON:gastrointestinal tract	UBERON:feces	UBERON:colon	mouse	not collected	cm	Mus musculus	MaleNephrectomy.3	10090	NA	g	"University of California, Irvine"	AUP 19-015	not collected	Decimal degrees	adult	not collected	Decimal degrees	Med Sci C362 freezer	TRUE	feces	mouse gut metagenome	male	410661	NA	Male 5/6 nephrectomy	CKD_5/6_nephrectomy	NA	NA	nephrectomy	75
P095	ACTCGCTA-GCGTAAGA	MaleNephrectomy.4	281284	300 uL Zymo DNA/RNA Shield	colon fecal pellets at termination	3/12/21	mouse colon fecal pellet	TRUE	NA	NA	NA	not provided	meters	Host-associated	Animal	animal distal gut	urban biome	animal-associated habitat	feces	host-associated	C57BL/6J	USA:CA:Irvine	18	weeks	UBERON:gastrointestinal tract	UBERON:feces	UBERON:colon	mouse	not collected	cm	Mus musculus	MaleNephrectomy.4	10090	NA	g	"University of California, Irvine"	AUP 19-015	not collected	Decimal degrees	adult	not collected	Decimal degrees	Med Sci C362 freezer	TRUE	feces	mouse gut metagenome	male	410661	NA	Male 5/6 nephrectomy	CKD_5/6_nephrectomy	NA	NA	nephrectomy	76
P102	ACTCGCTA-CTATTAAG	MaleNephrectomy.5	281284	300 uL Zymo DNA/RNA Shield	colon fecal pellets at termination	3/12/21	mouse colon fecal pellet	TRUE	NA	NA	NA	not provided	meters	Host-associated	Animal	animal distal gut	urban biome	animal-associated habitat	feces	host-associated	C57BL/6J	USA:CA:Irvine	18	weeks	UBERON:gastrointestinal tract	UBERON:feces	UBERON:colon	mouse	not collected	cm	Mus musculus	MaleNephrectomy.5	10090	NA	g	"University of California, Irvine"	AUP 19-015	not collected	Decimal degrees	adult	not collected	Decimal degrees	Med Sci C362 freezer	TRUE	feces	mouse gut metagenome	male	410661	NA	Male 5/6 nephrectomy	CKD_5/6_nephrectomy	NA	NA	nephrectomy	77
P109	ACTCGCTA-AAGGCTAT	MaleNephrectomy.6	281287	300 uL Zymo DNA/RNA Shield	colon fecal pellets at termination	3/12/21	mouse colon fecal pellet	TRUE	NA	NA	NA	not provided	meters	Host-associated	Animal	animal distal gut	urban biome	animal-associated habitat	feces	host-associated	C57BL/6J	USA:CA:Irvine	18	weeks	UBERON:gastrointestinal tract	UBERON:feces	UBERON:colon	mouse	not collected	cm	Mus musculus	MaleNephrectomy.6	10090	NA	g	"University of California, Irvine"	AUP 19-015	not collected	Decimal degrees	adult	not collected	Decimal degrees	Med Sci C362 freezer	TRUE	feces	mouse gut metagenome	male	410661	NA	Male 5/6 nephrectomy	CKD_5/6_nephrectomy	NA	NA	nephrectomy	78
P116	ACTCGCTA-GAGCCTTA	MaleNephrectomy.7	281287	300 uL Zymo DNA/RNA Shield	colon fecal pellets at termination	3/12/21	mouse colon fecal pellet	TRUE	NA	NA	NA	not provided	meters	Host-associated	Animal	animal distal gut	urban biome	animal-associated habitat	feces	host-associated	C57BL/6J	USA:CA:Irvine	18	weeks	UBERON:gastrointestinal tract	UBERON:feces	UBERON:colon	mouse	not collected	cm	Mus musculus	MaleNephrectomy.7	10090	NA	g	"University of California, Irvine"	AUP 19-015	not collected	Decimal degrees	adult	not collected	Decimal degrees	Med Sci C362 freezer	TRUE	feces	mouse gut metagenome	male	410661	NA	Male 5/6 nephrectomy	CKD_5/6_nephrectomy	NA	NA	nephrectomy	79
P123	ACTCGCTA-TTATGCGA	MaleNephrectomy.8	281287	300 uL Zymo DNA/RNA Shield	colon fecal pellets at termination	3/12/21	mouse colon fecal pellet	TRUE	NA	NA	NA	not provided	meters	Host-associated	Animal	animal distal gut	urban biome	animal-associated habitat	feces	host-associated	C57BL/6J	USA:CA:Irvine	18	weeks	UBERON:gastrointestinal tract	UBERON:feces	UBERON:colon	mouse	not collected	cm	Mus musculus	MaleNephrectomy.8	10090	NA	g	"University of California, Irvine"	AUP 19-015	not collected	Decimal degrees	adult	not collected	Decimal degrees	Med Sci C362 freezer	TRUE	feces	mouse gut metagenome	male	410661	NA	Male 5/6 nephrectomy	CKD_5/6_nephrectomy	NA	NA	nephrectomy	80
P075	GGAGCTAC-TCGACTAG	MaleNephrectomy.9	281285	300 uL Zymo DNA/RNA Shield	colon fecal pellets at termination	3/12/21	mouse colon fecal pellet	TRUE	NA	NA	NA	not provided	meters	Host-associated	Animal	animal distal gut	urban biome	animal-associated habitat	feces	host-associated	C57BL/6J	USA:CA:Irvine	18	weeks	UBERON:gastrointestinal tract	UBERON:feces	UBERON:colon	mouse	not collected	cm	Mus musculus	MaleNephrectomy.9	10090	NA	g	"University of California, Irvine"	AUP 19-015	not collected	Decimal degrees	adult	not collected	Decimal degrees	Med Sci C362 freezer	TRUE	feces	mouse gut metagenome	male	410661	NA	Male 5/6 nephrectomy	CKD_5/6_nephrectomy	NA	NA	nephrectomy	81
P082	GGAGCTAC-TTCTAGCT	MaleNephrectomy.10	281285	300 uL Zymo DNA/RNA Shield	colon fecal pellets at termination	3/12/21	mouse colon fecal pellet	TRUE	NA	NA	NA	not provided	meters	Host-associated	Animal	animal distal gut	urban biome	animal-associated habitat	feces	host-associated	C57BL/6J	USA:CA:Irvine	18	weeks	UBERON:gastrointestinal tract	UBERON:feces	UBERON:colon	mouse	not collected	cm	Mus musculus	MaleNephrectomy.10	10090	NA	g	"University of California, Irvine"	AUP 19-015	not collected	Decimal degrees	adult	not collected	Decimal degrees	Med Sci C362 freezer	TRUE	feces	mouse gut metagenome	male	410661	NA	Male 5/6 nephrectomy	CKD_5/6_nephrectomy	NA	NA	nephrectomy	82
P089	GGAGCTAC-CCTAGAGT	MaleNephrectomy.11	281285	300 uL Zymo DNA/RNA Shield	colon fecal pellets at termination	3/12/21	mouse colon fecal pellet	TRUE	NA	NA	NA	not provided	meters	Host-associated	Animal	animal distal gut	urban biome	animal-associated habitat	feces	host-associated	C57BL/6J	USA:CA:Irvine	18	weeks	UBERON:gastrointestinal tract	UBERON:feces	UBERON:colon	mouse	not collected	cm	Mus musculus	MaleNephrectomy.11	10090	NA	g	"University of California, Irvine"	AUP 19-015	not collected	Decimal degrees	adult	not collected	Decimal degrees	Med Sci C362 freezer	TRUE	feces	mouse gut metagenome	male	410661	NA	Male 5/6 nephrectomy	CKD_5/6_nephrectomy	NA	NA	nephrectomy	83
P096	GGAGCTAC-GCGTAAGA	MaleNephrectomy.12	281285	300 uL Zymo DNA/RNA Shield	colon fecal pellets at termination	3/12/21	mouse colon fecal pellet	TRUE	NA	NA	NA	not provided	meters	Host-associated	Animal	animal distal gut	urban biome	animal-associated habitat	feces	host-associated	C57BL/6J	USA:CA:Irvine	18	weeks	UBERON:gastrointestinal tract	UBERON:feces	UBERON:colon	mouse	not collected	cm	Mus musculus	MaleNephrectomy.12	10090	NA	g	"University of California, Irvine"	AUP 19-015	not collected	Decimal degrees	adult	not collected	Decimal degrees	Med Sci C362 freezer	TRUE	feces	mouse gut metagenome	male	410661	NA	Male 5/6 nephrectomy	CKD_5/6_nephrectomy	NA	NA	nephrectomy	84
P103	GGAGCTAC-CTATTAAG	MaleNephrectomy.13	281285	300 uL Zymo DNA/RNA Shield	colon fecal pellets at termination	3/12/21	mouse colon fecal pellet	TRUE	NA	NA	NA	not provided	meters	Host-associated	Animal	animal distal gut	urban biome	animal-associated habitat	feces	host-associated	C57BL/6J	USA:CA:Irvine	18	weeks	UBERON:gastrointestinal tract	UBERON:feces	UBERON:colon	mouse	not collected	cm	Mus musculus	MaleNephrectomy.13	10090	NA	g	"University of California, Irvine"	AUP 19-015	not collected	Decimal degrees	adult	not collected	Decimal degrees	Med Sci C362 freezer	TRUE	feces	mouse gut metagenome	male	410661	NA	Male 5/6 nephrectomy	CKD_5/6_nephrectomy	NA	NA	nephrectomy	85
P110	GGAGCTAC-AAGGCTAT	MaleNephrectomy.14	281286	300 uL Zymo DNA/RNA Shield	colon fecal pellets at termination	3/12/21	mouse colon fecal pellet	TRUE	NA	NA	NA	not provided	meters	Host-associated	Animal	animal distal gut	urban biome	animal-associated habitat	feces	host-associated	C57BL/6J	USA:CA:Irvine	18	weeks	UBERON:gastrointestinal tract	UBERON:feces	UBERON:colon	mouse	not collected	cm	Mus musculus	MaleNephrectomy.14	10090	NA	g	"University of California, Irvine"	AUP 19-015	not collected	Decimal degrees	adult	not collected	Decimal degrees	Med Sci C362 freezer	TRUE	feces	mouse gut metagenome	male	410661	NA	Male 5/6 nephrectomy	CKD_5/6_nephrectomy	NA	NA	nephrectomy	86
P117	GGAGCTAC-GAGCCTTA	MaleNephrectomy.15	281286	300 uL Zymo DNA/RNA Shield	colon fecal pellets at termination	3/12/21	mouse colon fecal pellet	TRUE	NA	NA	NA	not provided	meters	Host-associated	Animal	animal distal gut	urban biome	animal-associated habitat	feces	host-associated	C57BL/6J	USA:CA:Irvine	18	weeks	UBERON:gastrointestinal tract	UBERON:feces	UBERON:colon	mouse	not collected	cm	Mus musculus	MaleNephrectomy.15	10090	NA	g	"University of California, Irvine"	AUP 19-015	not collected	Decimal degrees	adult	not collected	Decimal degrees	Med Sci C362 freezer	TRUE	feces	mouse gut metagenome	male	410661	NA	Male 5/6 nephrectomy	CKD_5/6_nephrectomy	NA	NA	nephrectomy	87
P124	GGAGCTAC-TTATGCGA	MaleNephrectomy.16	281286	300 uL Zymo DNA/RNA Shield	colon fecal pellets at termination	3/12/21	mouse colon fecal pellet	TRUE	NA	NA	NA	not provided	meters	Host-associated	Animal	animal distal gut	urban biome	animal-associated habitat	feces	host-associated	C57BL/6J	USA:CA:Irvine	18	weeks	UBERON:gastrointestinal tract	UBERON:feces	UBERON:colon	mouse	not collected	cm	Mus musculus	MaleNephrectomy.16	10090	NA	g	"University of California, Irvine"	AUP 19-015	not collected	Decimal degrees	adult	not collected	Decimal degrees	Med Sci C362 freezer	TRUE	feces	mouse gut metagenome	male	410661	NA	Male 5/6 nephrectomy	CKD_5/6_nephrectomy	NA	NA	nephrectomy	88
P076	GCGTAGTA-TCGACTAG	FemaleMicrobiome.1	295703	300 uL Zymo DNA/RNA Shield	colon fecal pellets at termination	4/29/21	mouse colon fecal pellet	TRUE	NA	NA	NA	not provided	meters	Host-associated	Animal	animal distal gut	urban biome	animal-associated habitat	feces	host-associated	C57BL/6J	USA:CA:Irvine	18	weeks	UBERON:gastrointestinal tract	UBERON:feces	UBERON:colon	mouse	not collected	cm	Mus musculus	FemaleMicrobiome.1	10090	NA	g	"University of California, Irvine"	AUP 19-015	not collected	Decimal degrees	adult	not collected	Decimal degrees	Med Sci C362 freezer	TRUE	feces	mouse gut metagenome	female	410661	NA	Female microbiome study	Control	NA	NA	Control	89
P083	GCGTAGTA-TTCTAGCT	FemaleMicrobiome.2	295703	300 uL Zymo DNA/RNA Shield	colon fecal pellets at termination	4/29/21	mouse colon fecal pellet	TRUE	NA	NA	NA	not provided	meters	Host-associated	Animal	animal distal gut	urban biome	animal-associated habitat	feces	host-associated	C57BL/6J	USA:CA:Irvine	18	weeks	UBERON:gastrointestinal tract	UBERON:feces	UBERON:colon	mouse	not collected	cm	Mus musculus	FemaleMicrobiome.2	10090	NA	g	"University of California, Irvine"	AUP 19-015	not collected	Decimal degrees	adult	not collected	Decimal degrees	Med Sci C362 freezer	TRUE	feces	mouse gut metagenome	female	410661	NA	Female microbiome study	Control	NA	NA	Control	90
P090	GCGTAGTA-CCTAGAGT	FemaleMicrobiome.3	295703	300 uL Zymo DNA/RNA Shield	colon fecal pellets at termination	4/29/21	mouse colon fecal pellet	TRUE	NA	NA	NA	not provided	meters	Host-associated	Animal	animal distal gut	urban biome	animal-associated habitat	feces	host-associated	C57BL/6J	USA:CA:Irvine	18	weeks	UBERON:gastrointestinal tract	UBERON:feces	UBERON:colon	mouse	not collected	cm	Mus musculus	FemaleMicrobiome.3	10090	NA	g	"University of California, Irvine"	AUP 19-015	not collected	Decimal degrees	adult	not collected	Decimal degrees	Med Sci C362 freezer	TRUE	feces	mouse gut metagenome	female	410661	NA	Female microbiome study	Control	NA	NA	Control	91
P097	GCGTAGTA-GCGTAAGA	FemaleMicrobiome.4	295703	300 uL Zymo DNA/RNA Shield	colon fecal pellets at termination	4/29/21	mouse colon fecal pellet	TRUE	NA	NA	NA	not provided	meters	Host-associated	Animal	animal distal gut	urban biome	animal-associated habitat	feces	host-associated	C57BL/6J	USA:CA:Irvine	18	weeks	UBERON:gastrointestinal tract	UBERON:feces	UBERON:colon	mouse	not collected	cm	Mus musculus	FemaleMicrobiome.4	10090	NA	g	"University of California, Irvine"	AUP 19-015	not collected	Decimal degrees	adult	not collected	Decimal degrees	Med Sci C362 freezer	TRUE	feces	mouse gut metagenome	female	410661	NA	Female microbiome study	Control	NA	NA	Control	92
P104	GCGTAGTA-CTATTAAG	FemaleMicrobiome.5	295704	300 uL Zymo DNA/RNA Shield	colon fecal pellets at termination	4/29/21	mouse colon fecal pellet	TRUE	NA	NA	NA	not provided	meters	Host-associated	Animal	animal distal gut	urban biome	animal-associated habitat	feces	host-associated	C57BL/6J	USA:CA:Irvine	18	weeks	UBERON:gastrointestinal tract	UBERON:feces	UBERON:colon	mouse	not collected	cm	Mus musculus	FemaleMicrobiome.5	10090	NA	g	"University of California, Irvine"	AUP 19-015	not collected	Decimal degrees	adult	not collected	Decimal degrees	Med Sci C362 freezer	TRUE	feces	mouse gut metagenome	female	410661	NA	Female microbiome study	Control	NA	NA	Control	93
P111	GCGTAGTA-AAGGCTAT	FemaleMicrobiome.6	295704	300 uL Zymo DNA/RNA Shield	colon fecal pellets at termination	4/29/21	mouse colon fecal pellet	TRUE	NA	NA	NA	not provided	meters	Host-associated	Animal	animal distal gut	urban biome	animal-associated habitat	feces	host-associated	C57BL/6J	USA:CA:Irvine	18	weeks	UBERON:gastrointestinal tract	UBERON:feces	UBERON:colon	mouse	not collected	cm	Mus musculus	FemaleMicrobiome.6	10090	NA	g	"University of California, Irvine"	AUP 19-015	not collected	Decimal degrees	adult	not collected	Decimal degrees	Med Sci C362 freezer	TRUE	feces	mouse gut metagenome	female	410661	NA	Female microbiome study	Control	NA	NA	Control	94
P118	GCGTAGTA-GAGCCTTA	FemaleMicrobiome.7	295704	300 uL Zymo DNA/RNA Shield	colon fecal pellets at termination	4/29/21	mouse colon fecal pellet	TRUE	NA	NA	NA	not provided	meters	Host-associated	Animal	animal distal gut	urban biome	animal-associated habitat	feces	host-associated	C57BL/6J	USA:CA:Irvine	18	weeks	UBERON:gastrointestinal tract	UBERON:feces	UBERON:colon	mouse	not collected	cm	Mus musculus	FemaleMicrobiome.7	10090	NA	g	"University of California, Irvine"	AUP 19-015	not collected	Decimal degrees	adult	not collected	Decimal degrees	Med Sci C362 freezer	TRUE	feces	mouse gut metagenome	female	410661	NA	Female microbiome study	Control	NA	NA	Control	95
P125	GCGTAGTA-TTATGCGA	FemaleMicrobiome.8	295704	300 uL Zymo DNA/RNA Shield	colon fecal pellets at termination	4/29/21	mouse colon fecal pellet	TRUE	NA	NA	NA	not provided	meters	Host-associated	Animal	animal distal gut	urban biome	animal-associated habitat	feces	host-associated	C57BL/6J	USA:CA:Irvine	18	weeks	UBERON:gastrointestinal tract	UBERON:feces	UBERON:colon	mouse	not collected	cm	Mus musculus	FemaleMicrobiome.8	10090	NA	g	"University of California, Irvine"	AUP 19-015	not collected	Decimal degrees	adult	not collected	Decimal degrees	Med Sci C362 freezer	TRUE	feces	mouse gut metagenome	female	410661	NA	Female microbiome study	Control	NA	NA	Control	96
P077	CGGAGCCT-TCGACTAG	FemaleMicrobiome.9	295705	300 uL Zymo DNA/RNA Shield	colon fecal pellets at termination	4/29/21	mouse colon fecal pellet	TRUE	NA	NA	NA	not provided	meters	Host-associated	Animal	animal distal gut	urban biome	animal-associated habitat	feces	host-associated	C57BL/6J	USA:CA:Irvine	18	weeks	UBERON:gastrointestinal tract	UBERON:feces	UBERON:colon	mouse	not collected	cm	Mus musculus	FemaleMicrobiome.9	10090	NA	g	"University of California, Irvine"	AUP 19-015	not collected	Decimal degrees	adult	not collected	Decimal degrees	Med Sci C362 freezer	TRUE	feces	mouse gut metagenome	female	410661	NA	Female microbiome study	CKD_adenine	NA	NA	CKD_adenine	97
P084	CGGAGCCT-TTCTAGCT	FemaleMicrobiome.10	295705	300 uL Zymo DNA/RNA Shield	colon fecal pellets at termination	4/29/21	mouse colon fecal pellet	TRUE	NA	NA	NA	not provided	meters	Host-associated	Animal	animal distal gut	urban biome	animal-associated habitat	feces	host-associated	C57BL/6J	USA:CA:Irvine	18	weeks	UBERON:gastrointestinal tract	UBERON:feces	UBERON:colon	mouse	not collected	cm	Mus musculus	FemaleMicrobiome.10	10090	NA	g	"University of California, Irvine"	AUP 19-015	not collected	Decimal degrees	adult	not collected	Decimal degrees	Med Sci C362 freezer	TRUE	feces	mouse gut metagenome	female	410661	NA	Female microbiome study	CKD_adenine	NA	NA	CKD_adenine	98
P091	CGGAGCCT-CCTAGAGT	FemaleMicrobiome.11	295705	300 uL Zymo DNA/RNA Shield	colon fecal pellets at termination	4/29/21	mouse colon fecal pellet	TRUE	NA	NA	NA	not provided	meters	Host-associated	Animal	animal distal gut	urban biome	animal-associated habitat	feces	host-associated	C57BL/6J	USA:CA:Irvine	18	weeks	UBERON:gastrointestinal tract	UBERON:feces	UBERON:colon	mouse	not collected	cm	Mus musculus	FemaleMicrobiome.11	10090	NA	g	"University of California, Irvine"	AUP 19-015	not collected	Decimal degrees	adult	not collected	Decimal degrees	Med Sci C362 freezer	TRUE	feces	mouse gut metagenome	female	410661	NA	Female microbiome study	CKD_adenine	NA	NA	CKD_adenine	99
P098	CGGAGCCT-GCGTAAGA	FemaleMicrobiome.12	295705	300 uL Zymo DNA/RNA Shield	colon fecal pellets at termination	4/29/21	mouse colon fecal pellet	TRUE	NA	NA	NA	not provided	meters	Host-associated	Animal	animal distal gut	urban biome	animal-associated habitat	feces	host-associated	C57BL/6J	USA:CA:Irvine	18	weeks	UBERON:gastrointestinal tract	UBERON:feces	UBERON:colon	mouse	not collected	cm	Mus musculus	FemaleMicrobiome.12	10090	NA	g	"University of California, Irvine"	AUP 19-015	not collected	Decimal degrees	adult	not collected	Decimal degrees	Med Sci C362 freezer	TRUE	feces	mouse gut metagenome	female	410661	NA	Female microbiome study	CKD_adenine	NA	NA	CKD_adenine	100
P105	CGGAGCCT-CTATTAAG	FemaleMicrobiome.13	295706	300 uL Zymo DNA/RNA Shield	colon fecal pellets at termination	4/29/21	mouse colon fecal pellet	TRUE	NA	NA	NA	not provided	meters	Host-associated	Animal	animal distal gut	urban biome	animal-associated habitat	feces	host-associated	C57BL/6J	USA:CA:Irvine	18	weeks	UBERON:gastrointestinal tract	UBERON:feces	UBERON:colon	mouse	not collected	cm	Mus musculus	FemaleMicrobiome.13	10090	NA	g	"University of California, Irvine"	AUP 19-015	not collected	Decimal degrees	adult	not collected	Decimal degrees	Med Sci C362 freezer	TRUE	feces	mouse gut metagenome	female	410661	NA	Female microbiome study	CKD_adenine	NA	NA	CKD_adenine	101
P112	CGGAGCCT-AAGGCTAT	FemaleMicrobiome.14	295706	300 uL Zymo DNA/RNA Shield	colon fecal pellets at termination	4/29/21	mouse colon fecal pellet	TRUE	NA	NA	NA	not provided	meters	Host-associated	Animal	animal distal gut	urban biome	animal-associated habitat	feces	host-associated	C57BL/6J	USA:CA:Irvine	18	weeks	UBERON:gastrointestinal tract	UBERON:feces	UBERON:colon	mouse	not collected	cm	Mus musculus	FemaleMicrobiome.14	10090	NA	g	"University of California, Irvine"	AUP 19-015	not collected	Decimal degrees	adult	not collected	Decimal degrees	Med Sci C362 freezer	TRUE	feces	mouse gut metagenome	female	410661	NA	Female microbiome study	CKD_adenine	NA	NA	CKD_adenine	102
P119	CGGAGCCT-GAGCCTTA	FemaleMicrobiome.15	295706	300 uL Zymo DNA/RNA Shield	colon fecal pellets at termination	4/29/21	mouse colon fecal pellet	TRUE	NA	NA	NA	not provided	meters	Host-associated	Animal	animal distal gut	urban biome	animal-associated habitat	feces	host-associated	C57BL/6J	USA:CA:Irvine	18	weeks	UBERON:gastrointestinal tract	UBERON:feces	UBERON:colon	mouse	not collected	cm	Mus musculus	FemaleMicrobiome.15	10090	NA	g	"University of California, Irvine"	AUP 19-015	not collected	Decimal degrees	adult	not collected	Decimal degrees	Med Sci C362 freezer	TRUE	feces	mouse gut metagenome	female	410661	NA	Female microbiome study	CKD_adenine	NA	NA	CKD_adenine	103
P126	CGGAGCCT-TTATGCGA	FemaleMicrobiome.16	295706	300 uL Zymo DNA/RNA Shield	colon fecal pellets at termination	4/29/21	mouse colon fecal pellet	TRUE	NA	NA	NA	not provided	meters	Host-associated	Animal	animal distal gut	urban biome	animal-associated habitat	feces	host-associated	C57BL/6J	USA:CA:Irvine	18	weeks	UBERON:gastrointestinal tract	UBERON:feces	UBERON:colon	mouse	not collected	cm	Mus musculus	FemaleMicrobiome.16	10090	NA	g	"University of California, Irvine"	AUP 19-015	not collected	Decimal degrees	adult	not collected	Decimal degrees	Med Sci C362 freezer	TRUE	feces	mouse gut metagenome	female	410661	NA	Female microbiome study	CKD_adenine	NA	NA	CKD_adenine	104
P078	TACGCTGC-TCGACTAG	FemaleMicrobiome.17	295707	300 uL Zymo DNA/RNA Shield	colon fecal pellets at termination	4/29/21	mouse colon fecal pellet	TRUE	NA	NA	NA	not provided	meters	Host-associated	Animal	animal distal gut	urban biome	animal-associated habitat	feces	host-associated	C57BL/6J	USA:CA:Irvine	18	weeks	UBERON:gastrointestinal tract	UBERON:feces	UBERON:colon	mouse	not collected	cm	Mus musculus	FemaleMicrobiome.17	10090	NA	g	"University of California, Irvine"	AUP 19-015	not collected	Decimal degrees	adult	not collected	Decimal degrees	Med Sci C362 freezer	TRUE	feces	mouse gut metagenome	female	410661	NA	Female microbiome study	CKD_adenine	NA	NA	CKD_adenine	105
P085	TACGCTGC-TTCTAGCT	FemaleMicrobiome.18	295707	300 uL Zymo DNA/RNA Shield	colon fecal pellets at termination	4/29/21	mouse colon fecal pellet	TRUE	NA	NA	NA	not provided	meters	Host-associated	Animal	animal distal gut	urban biome	animal-associated habitat	feces	host-associated	C57BL/6J	USA:CA:Irvine	18	weeks	UBERON:gastrointestinal tract	UBERON:feces	UBERON:colon	mouse	not collected	cm	Mus musculus	FemaleMicrobiome.18	10090	NA	g	"University of California, Irvine"	AUP 19-015	not collected	Decimal degrees	adult	not collected	Decimal degrees	Med Sci C362 freezer	TRUE	feces	mouse gut metagenome	female	410661	NA	Female microbiome study	CKD_adenine	NA	NA	CKD_adenine	106
P092	TACGCTGC-CCTAGAGT	FemaleMicrobiome.19	295707	300 uL Zymo DNA/RNA Shield	colon fecal pellets at termination	4/29/21	mouse colon fecal pellet	TRUE	NA	NA	NA	not provided	meters	Host-associated	Animal	animal distal gut	urban biome	animal-associated habitat	feces	host-associated	C57BL/6J	USA:CA:Irvine	18	weeks	UBERON:gastrointestinal tract	UBERON:feces	UBERON:colon	mouse	not collected	cm	Mus musculus	FemaleMicrobiome.19	10090	NA	g	"University of California, Irvine"	AUP 19-015	not collected	Decimal degrees	adult	not collected	Decimal degrees	Med Sci C362 freezer	TRUE	feces	mouse gut metagenome	female	410661	NA	Female microbiome study	CKD_adenine	NA	NA	CKD_adenine	107
P099	TACGCTGC-GCGTAAGA	FemaleMicrobiome.20	295707	300 uL Zymo DNA/RNA Shield	colon fecal pellets at termination	4/29/21	mouse colon fecal pellet	TRUE	NA	NA	NA	not provided	meters	Host-associated	Animal	animal distal gut	urban biome	animal-associated habitat	feces	host-associated	C57BL/6J	USA:CA:Irvine	18	weeks	UBERON:gastrointestinal tract	UBERON:feces	UBERON:colon	mouse	not collected	cm	Mus musculus	FemaleMicrobiome.20	10090	NA	g	"University of California, Irvine"	AUP 19-015	not collected	Decimal degrees	adult	not collected	Decimal degrees	Med Sci C362 freezer	TRUE	feces	mouse gut metagenome	female	410661	NA	Female microbiome study	CKD_adenine	NA	NA	CKD_adenine	108
P106	TACGCTGC-CTATTAAG	FemaleMicrobiome.21	295708	300 uL Zymo DNA/RNA Shield	colon fecal pellets at termination	4/29/21	mouse colon fecal pellet	TRUE	NA	NA	NA	not provided	meters	Host-associated	Animal	animal distal gut	urban biome	animal-associated habitat	feces	host-associated	C57BL/6J	USA:CA:Irvine	18	weeks	UBERON:gastrointestinal tract	UBERON:feces	UBERON:colon	mouse	not collected	cm	Mus musculus	FemaleMicrobiome.21	10090	NA	g	"University of California, Irvine"	AUP 19-015	not collected	Decimal degrees	adult	not collected	Decimal degrees	Med Sci C362 freezer	TRUE	feces	mouse gut metagenome	female	410661	NA	Female microbiome study	CKD_adenine	NA	NA	CKD_adenine	109
P113	TACGCTGC-AAGGCTAT	FemaleMicrobiome.22	295708	300 uL Zymo DNA/RNA Shield	colon fecal pellets at termination	4/29/21	mouse colon fecal pellet	TRUE	NA	NA	NA	not provided	meters	Host-associated	Animal	animal distal gut	urban biome	animal-associated habitat	feces	host-associated	C57BL/6J	USA:CA:Irvine	18	weeks	UBERON:gastrointestinal tract	UBERON:feces	UBERON:colon	mouse	not collected	cm	Mus musculus	FemaleMicrobiome.22	10090	NA	g	"University of California, Irvine"	AUP 19-015	not collected	Decimal degrees	adult	not collected	Decimal degrees	Med Sci C362 freezer	TRUE	feces	mouse gut metagenome	female	410661	NA	Female microbiome study	CKD_adenine	NA	NA	CKD_adenine	110
P120	TACGCTGC-GAGCCTTA	FemaleMicrobiome.23	295708	300 uL Zymo DNA/RNA Shield	colon fecal pellets at termination	4/29/21	mouse colon fecal pellet	TRUE	NA	NA	NA	not provided	meters	Host-associated	Animal	animal distal gut	urban biome	animal-associated habitat	feces	host-associated	C57BL/6J	USA:CA:Irvine	18	weeks	UBERON:gastrointestinal tract	UBERON:feces	UBERON:colon	mouse	not collected	cm	Mus musculus	FemaleMicrobiome.23	10090	NA	g	"University of California, Irvine"	AUP 19-015	not collected	Decimal degrees	adult	not collected	Decimal degrees	Med Sci C362 freezer	TRUE	feces	mouse gut metagenome	female	410661	NA	Female microbiome study	CKD_adenine	NA	NA	CKD_adenine	111
P127	TACGCTGC-TTATGCGA	FemaleMicrobiome.24	295708	300 uL Zymo DNA/RNA Shield	colon fecal pellets at termination	4/29/21	mouse colon fecal pellet	TRUE	NA	NA	NA	not provided	meters	Host-associated	Animal	animal distal gut	urban biome	animal-associated habitat	feces	host-associated	C57BL/6J	USA:CA:Irvine	18	weeks	UBERON:gastrointestinal tract	UBERON:feces	UBERON:colon	mouse	not collected	cm	Mus musculus	FemaleMicrobiome.24	10090	NA	g	"University of California, Irvine"	AUP 19-015	not collected	Decimal degrees	adult	not collected	Decimal degrees	Med Sci C362 freezer	TRUE	feces	mouse gut metagenome	female	410661	NA	Female microbiome study	CKD_adenine	NA	NA	CKD_adenine	112
P079	ATGCGCAG-TCGACTAG	FemaleNephrectomy.1	281289	300 uL Zymo DNA/RNA Shield	colon fecal pellets at termination	4/8/21	mouse colon fecal pellet	TRUE	NA	NA	NA	not provided	meters	Host-associated	Animal	animal distal gut	urban biome	animal-associated habitat	feces	host-associated	C57BL/6J	USA:CA:Irvine	18	weeks	UBERON:gastrointestinal tract	UBERON:feces	UBERON:colon	mouse	not collected	cm	Mus musculus	FemaleNephrectomy.1	10090	NA	g	"University of California, Irvine"	AUP 19-015	not collected	Decimal degrees	adult	not collected	Decimal degrees	Med Sci C362 freezer	TRUE	feces	mouse gut metagenome	female	410661	NA	Female 5/6 nephrectomy	CKD_5/6_nephrectomy	NA	NA	nephrectomy	113
P086	ATGCGCAG-TTCTAGCT	FemaleNephrectomy.2	281289	300 uL Zymo DNA/RNA Shield	colon fecal pellets at termination	4/8/21	mouse colon fecal pellet	TRUE	NA	NA	NA	not provided	meters	Host-associated	Animal	animal distal gut	urban biome	animal-associated habitat	feces	host-associated	C57BL/6J	USA:CA:Irvine	18	weeks	UBERON:gastrointestinal tract	UBERON:feces	UBERON:colon	mouse	not collected	cm	Mus musculus	FemaleNephrectomy.2	10090	NA	g	"University of California, Irvine"	AUP 19-015	not collected	Decimal degrees	adult	not collected	Decimal degrees	Med Sci C362 freezer	TRUE	feces	mouse gut metagenome	female	410661	NA	Female 5/6 nephrectomy	CKD_5/6_nephrectomy	NA	NA	nephrectomy	114
P093	ATGCGCAG-CCTAGAGT	FemaleNephrectomy.3	281289	300 uL Zymo DNA/RNA Shield	colon fecal pellets at termination	4/8/21	mouse colon fecal pellet	TRUE	NA	NA	NA	not provided	meters	Host-associated	Animal	animal distal gut	urban biome	animal-associated habitat	feces	host-associated	C57BL/6J	USA:CA:Irvine	18	weeks	UBERON:gastrointestinal tract	UBERON:feces	UBERON:colon	mouse	not collected	cm	Mus musculus	FemaleNephrectomy.3	10090	NA	g	"University of California, Irvine"	AUP 19-015	not collected	Decimal degrees	adult	not collected	Decimal degrees	Med Sci C362 freezer	TRUE	feces	mouse gut metagenome	female	410661	NA	Female 5/6 nephrectomy	CKD_5/6_nephrectomy	NA	NA	nephrectomy	115
P100	ATGCGCAG-GCGTAAGA	FemaleNephrectomy.4	281289	300 uL Zymo DNA/RNA Shield	colon fecal pellets at termination	4/8/21	mouse colon fecal pellet	TRUE	NA	NA	NA	not provided	meters	Host-associated	Animal	animal distal gut	urban biome	animal-associated habitat	feces	host-associated	C57BL/6J	USA:CA:Irvine	18	weeks	UBERON:gastrointestinal tract	UBERON:feces	UBERON:colon	mouse	not collected	cm	Mus musculus	FemaleNephrectomy.4	10090	NA	g	"University of California, Irvine"	AUP 19-015	not collected	Decimal degrees	adult	not collected	Decimal degrees	Med Sci C362 freezer	TRUE	feces	mouse gut metagenome	female	410661	NA	Female 5/6 nephrectomy	CKD_5/6_nephrectomy	NA	NA	nephrectomy	116
P107	ATGCGCAG-CTATTAAG	FemaleNephrectomy.5	281290	300 uL Zymo DNA/RNA Shield	colon fecal pellets at termination	4/8/21	mouse colon fecal pellet	TRUE	NA	NA	NA	not provided	meters	Host-associated	Animal	animal distal gut	urban biome	animal-associated habitat	feces	host-associated	C57BL/6J	USA:CA:Irvine	18	weeks	UBERON:gastrointestinal tract	UBERON:feces	UBERON:colon	mouse	not collected	cm	Mus musculus	FemaleNephrectomy.5	10090	NA	g	"University of California, Irvine"	AUP 19-015	not collected	Decimal degrees	adult	not collected	Decimal degrees	Med Sci C362 freezer	TRUE	feces	mouse gut metagenome	female	410661	NA	Female 5/6 nephrectomy	CKD_5/6_nephrectomy	NA	NA	nephrectomy	117
P114	ATGCGCAG-AAGGCTAT	FemaleNephrectomy.6	281290	300 uL Zymo DNA/RNA Shield	colon fecal pellets at termination	4/8/21	mouse colon fecal pellet	TRUE	NA	NA	NA	not provided	meters	Host-associated	Animal	animal distal gut	urban biome	animal-associated habitat	feces	host-associated	C57BL/6J	USA:CA:Irvine	18	weeks	UBERON:gastrointestinal tract	UBERON:feces	UBERON:colon	mouse	not collected	cm	Mus musculus	FemaleNephrectomy.6	10090	NA	g	"University of California, Irvine"	AUP 19-015	not collected	Decimal degrees	adult	not collected	Decimal degrees	Med Sci C362 freezer	TRUE	feces	mouse gut metagenome	female	410661	NA	Female 5/6 nephrectomy	CKD_5/6_nephrectomy	NA	NA	nephrectomy	118
P121	ATGCGCAG-GAGCCTTA	FemaleNephrectomy.7	281290	300 uL Zymo DNA/RNA Shield	colon fecal pellets at termination	4/8/21	mouse colon fecal pellet	TRUE	NA	NA	NA	not provided	meters	Host-associated	Animal	animal distal gut	urban biome	animal-associated habitat	feces	host-associated	C57BL/6J	USA:CA:Irvine	18	weeks	UBERON:gastrointestinal tract	UBERON:feces	UBERON:colon	mouse	not collected	cm	Mus musculus	FemaleNephrectomy.7	10090	NA	g	"University of California, Irvine"	AUP 19-015	not collected	Decimal degrees	adult	not collected	Decimal degrees	Med Sci C362 freezer	TRUE	feces	mouse gut metagenome	female	410661	NA	Female 5/6 nephrectomy	CKD_5/6_nephrectomy	NA	NA	nephrectomy	119
P128	ATGCGCAG-TTATGCGA	FemaleNephrectomy.8	281290	300 uL Zymo DNA/RNA Shield	colon fecal pellets at termination	4/8/21	mouse colon fecal pellet	TRUE	NA	NA	NA	not provided	meters	Host-associated	Animal	animal distal gut	urban biome	animal-associated habitat	feces	host-associated	C57BL/6J	USA:CA:Irvine	18	weeks	UBERON:gastrointestinal tract	UBERON:feces	UBERON:colon	mouse	not collected	cm	Mus musculus	FemaleNephrectomy.8	10090	NA	g	"University of California, Irvine"	AUP 19-015	not collected	Decimal degrees	adult	not collected	Decimal degrees	Med Sci C362 freezer	TRUE	feces	mouse gut metagenome	female	410661	NA	Female 5/6 nephrectomy	CKD_5/6_nephrectomy	NA	NA	nephrectomy	120
P080	TAGCGCTC-TCGACTAG	FemaleNephrectomy.9	281291	300 uL Zymo DNA/RNA Shield	colon fecal pellets at termination	4/8/21	mouse colon fecal pellet	TRUE	NA	NA	NA	not provided	meters	Host-associated	Animal	animal distal gut	urban biome	animal-associated habitat	feces	host-associated	C57BL/6J	USA:CA:Irvine	18	weeks	UBERON:gastrointestinal tract	UBERON:feces	UBERON:colon	mouse	not collected	cm	Mus musculus	FemaleNephrectomy.9	10090	NA	g	"University of California, Irvine"	AUP 19-015	not collected	Decimal degrees	adult	not collected	Decimal degrees	Med Sci C362 freezer	TRUE	feces	mouse gut metagenome	female	410661	NA	Female 5/6 nephrectomy	CKD_5/6_nephrectomy	NA	NA	nephrectomy	121
P087	TAGCGCTC-TTCTAGCT	FemaleNephrectomy.10	281291	300 uL Zymo DNA/RNA Shield	colon fecal pellets at termination	4/8/21	mouse colon fecal pellet	TRUE	NA	NA	NA	not provided	meters	Host-associated	Animal	animal distal gut	urban biome	animal-associated habitat	feces	host-associated	C57BL/6J	USA:CA:Irvine	18	weeks	UBERON:gastrointestinal tract	UBERON:feces	UBERON:colon	mouse	not collected	cm	Mus musculus	FemaleNephrectomy.10	10090	NA	g	"University of California, Irvine"	AUP 19-015	not collected	Decimal degrees	adult	not collected	Decimal degrees	Med Sci C362 freezer	TRUE	feces	mouse gut metagenome	female	410661	NA	Female 5/6 nephrectomy	CKD_5/6_nephrectomy	NA	NA	nephrectomy	122
P094	TAGCGCTC-CCTAGAGT	FemaleNephrectomy.11	281291	300 uL Zymo DNA/RNA Shield	colon fecal pellets at termination	4/8/21	mouse colon fecal pellet	TRUE	NA	NA	NA	not provided	meters	Host-associated	Animal	animal distal gut	urban biome	animal-associated habitat	feces	host-associated	C57BL/6J	USA:CA:Irvine	18	weeks	UBERON:gastrointestinal tract	UBERON:feces	UBERON:colon	mouse	not collected	cm	Mus musculus	FemaleNephrectomy.11	10090	NA	g	"University of California, Irvine"	AUP 19-015	not collected	Decimal degrees	adult	not collected	Decimal degrees	Med Sci C362 freezer	TRUE	feces	mouse gut metagenome	female	410661	NA	Female 5/6 nephrectomy	CKD_5/6_nephrectomy	NA	NA	nephrectomy	123
P101	TAGCGCTC-GCGTAAGA	FemaleNephrectomy.12	281291	300 uL Zymo DNA/RNA Shield	colon fecal pellets at termination	4/8/21	mouse colon fecal pellet	TRUE	NA	NA	NA	not provided	meters	Host-associated	Animal	animal distal gut	urban biome	animal-associated habitat	feces	host-associated	C57BL/6J	USA:CA:Irvine	18	weeks	UBERON:gastrointestinal tract	UBERON:feces	UBERON:colon	mouse	not collected	cm	Mus musculus	FemaleNephrectomy.12	10090	NA	g	"University of California, Irvine"	AUP 19-015	not collected	Decimal degrees	adult	not collected	Decimal degrees	Med Sci C362 freezer	TRUE	feces	mouse gut metagenome	female	410661	NA	Female 5/6 nephrectomy	CKD_5/6_nephrectomy	NA	NA	nephrectomy	124
P108	TAGCGCTC-CTATTAAG	FemaleNephrectomy.13	281292	300 uL Zymo DNA/RNA Shield	colon fecal pellets at termination	4/8/21	mouse colon fecal pellet	TRUE	NA	NA	NA	not provided	meters	Host-associated	Animal	animal distal gut	urban biome	animal-associated habitat	feces	host-associated	C57BL/6J	USA:CA:Irvine	18	weeks	UBERON:gastrointestinal tract	UBERON:feces	UBERON:colon	mouse	not collected	cm	Mus musculus	FemaleNephrectomy.13	10090	NA	g	"University of California, Irvine"	AUP 19-015	not collected	Decimal degrees	adult	not collected	Decimal degrees	Med Sci C362 freezer	TRUE	feces	mouse gut metagenome	female	410661	NA	Female 5/6 nephrectomy	CKD_5/6_nephrectomy	NA	NA	nephrectomy	125
P115	TAGCGCTC-AAGGCTAT	FemaleNephrectomy.14	281292	300 uL Zymo DNA/RNA Shield	colon fecal pellets at termination	4/8/21	mouse colon fecal pellet	TRUE	NA	NA	NA	not provided	meters	Host-associated	Animal	animal distal gut	urban biome	animal-associated habitat	feces	host-associated	C57BL/6J	USA:CA:Irvine	18	weeks	UBERON:gastrointestinal tract	UBERON:feces	UBERON:colon	mouse	not collected	cm	Mus musculus	FemaleNephrectomy.14	10090	NA	g	"University of California, Irvine"	AUP 19-015	not collected	Decimal degrees	adult	not collected	Decimal degrees	Med Sci C362 freezer	TRUE	feces	mouse gut metagenome	female	410661	NA	Female 5/6 nephrectomy	CKD_5/6_nephrectomy	NA	NA	nephrectomy	126
P122	TAGCGCTC-GAGCCTTA	FemaleNephrectomy.15	281292	300 uL Zymo DNA/RNA Shield	colon fecal pellets at termination	4/8/21	mouse colon fecal pellet	TRUE	NA	NA	NA	not provided	meters	Host-associated	Animal	animal distal gut	urban biome	animal-associated habitat	feces	host-associated	C57BL/6J	USA:CA:Irvine	18	weeks	UBERON:gastrointestinal tract	UBERON:feces	UBERON:colon	mouse	not collected	cm	Mus musculus	FemaleNephrectomy.15	10090	NA	g	"University of California, Irvine"	AUP 19-015	not collected	Decimal degrees	adult	not collected	Decimal degrees	Med Sci C362 freezer	TRUE	feces	mouse gut metagenome	female	410661	NA	Female 5/6 nephrectomy	CKD_5/6_nephrectomy	NA	NA	nephrectomy	127
P129	TAGCGCTC-TTATGCGA	FemaleNephrectomy.16	281292	300 uL Zymo DNA/RNA Shield	colon fecal pellets at termination	4/8/21	mouse colon fecal pellet	TRUE	NA	NA	NA	not provided	meters	Host-associated	Animal	animal distal gut	urban biome	animal-associated habitat	feces	host-associated	C57BL/6J	USA:CA:Irvine	18	weeks	UBERON:gastrointestinal tract	UBERON:feces	UBERON:colon	mouse	not collected	cm	Mus musculus	FemaleNephrectomy.16	10090	NA	g	"University of California, Irvine"	AUP 19-015	not collected	Decimal degrees	adult	not collected	Decimal degrees	Med Sci C362 freezer	TRUE	feces	mouse gut metagenome	female	410661	NA	Female 5/6 nephrectomy	CKD_5/6_nephrectomy	NA	NA	nephrectomy	128
P010	GTAGAGGA-TCGACTAG	NA	NA	NA	NA	NA	NA	NA	NA	NA	NA	NA	NA	NA	NA	NA	NA	NA	NA	NA	NA	NA	NA	NA	NA	NA	NA	NA	NA	NA	NA	NA	NA	NA	NA	NA	NA	NA	NA	NA	NA	NA	NA	NA	NA	NA	NA	NA	NA	NA	NA	NA	NA	NA	129
PrNotRecog	NA	NA	NA	NA	NA	NA	NA	NA	NA	NA	NA	NA	NA	NA	NA	NA	NA	NA	NA	NA	NA	NA	NA	NA	NA	NA	NA	NA	NA	NA	NA	NA	NA	NA	NA	NA	NA	NA	NA	NA	NA	NA	NA	NA	NA	NA	NA	NA	NA	NA	NA	NA	NA	NA	130
